State_Name,YY_Crude_Death_Rate_Cdr_Total_Female,AA_Sample_Units_Total,YY_Crude_Death_Rate_Cdr_Rural_Person,AA_Sample_Units_Rural,TT_Children_Aged_12_23_Months_Who_Have_Received_Measles_Vaccine_Total,YY_Crude_Death_Rate_Cdr_Rural_Male,AA_Sample_Units_Urban,QQ_Institutional_Delivery_Rural,TT_Children_Aged_12_23_Months_Who_Have_Received_Measles_Vaccine_Rural,YY_Crude_Death_Rate_Cdr_Rural_Female,AA_Households_Total,VV_Children_Who_Received_Foods_Other_Than_Breast_Milk_During_First_6_Months_Vegetables_Fruits_Urban,YY_Crude_Death_Rate_Cdr_Urban_Person,AA_Households_Rural,TT_Children_Aged_12_23_Months_Fully_Immunized_Total,YY_Crude_Death_Rate_Cdr_Urban_Male,QQ_Delivery_At_Government_Institution_Rural,TT_Children_Aged_12_23_Months_Fully_Immunized_Rural,YY_Crude_Death_Rate_Cdr_Urban_Female,AA_Population_Total,YY_Post_Neo_Natal_Mortality_Rate_Total,YY_Post_Neo_Natal_Mortality_Rate_Rural,AA_Population_Urban,LL_Crude_Birth_Rate_Cbr_Total,RR_Mothers_Who_Received_Post_Natal_Check_Up_Within_48_Hrs_Of_Delivery_Total,AA_Ever_Married_Women_Aged_15_49_Years_Total,PP_Mothers_Who_Received_Anc_From_Govt_Source_Total,ZZ_Crude_Birth_Rate_Total_Upper_Limit,AA_Ever_Married_Women_Aged_15_49_Years_Rural,TT_Children_Who_Did_Not_Receive_Any_Vaccination_Total,AA_Ever_Married_Women_Aged_15_49_Years_Urban,LL_Natural_Growth_Rate_Total,ZZ_Crude_Birth_Rate_Rural_Upper_Limit,AA_Currently_Married_Women_Aged_15_49_Years_Total,TT_Children_Aged_12_23_Months_Who_Have_Received_Bcg_Total,AA_Currently_Married_Women_Aged_15_49_Years_Rural,TT_Children_Aged_12_23_Months_Who_Have_Received_Bcg_Rural,BB_Currently_Married_Illiterate_Women_Aged_15_49_Years_Rural,ZZ_Crude_Death_Rate_Total_Lower_Limit,AA_Children_12_23_Months_Total,TT_Children_Aged_12_23_Months_Who_Have_Received_3_Doses_Of_Polio_Vaccine_Total,ZZ_Crude_Death_Rate_Rural_Lower_Limit,TT_Children_Aged_12_23_Months_Who_Have_Received_3_Doses_Of_Polio_Vaccine_Rural,ZZ_Crude_Death_Rate_Rural_Upper_Limit,EE_Marriages_Among_Males_Below_Legal_Age_21_Years_Total,YY_Crude_Death_Rate_Cdr_Total_Person,RR_New_Borns_Who_Were_Checked_Up_Within_24_Hrs_Of_Birth_Rural,TT_Children_Aged_12_23_Months_Who_Have_Received_3_Doses_Of_Dpt_Vaccine_Total,YY_Crude_Death_Rate_Cdr_Total_Male,YY_Infant_Mortality_Rate_Imr_Total_Person,State_District_Name
Assam,5.1,53,6.7,47,76.3,8.1,6,49.6,76.7,5.3,13711,8.2,6.1,12765,62.1,8.7,44.0,61.9,3.4,64606,11.0,12.0,4313,20.4,50.1,12541.0,89.6,21.9,11692.0,4.3,849,13.8,22.7,11876.0,93.5,11075.0,93.4,34.1,5.9,2371,76.5,5.9,76.6,7.5,8.8,6.6,47.8,78.5,8.1,43.0,Barpeta
Assam,4.4,89,6.3,73,79.4,8.0,16,52.0,79.0,4.5,17384,3.0,5.0,14904,52.4,6.3,48.6,52.8,3.7,84012,21.0,22.0,10113,19.2,51.3,16781.0,92.9,20.3,14591.0,3.4,2190,13.1,21.6,15533.0,94.3,13566.0,94.2,37.2,5.6,2451,67.8,5.7,67.5,6.9,9.9,6.1,46.4,66.6,7.8,48.0,Bongaigaon
Assam,6.3,105,7.4,84,80.3,8.3,21,61.5,80.3,6.5,27488,2.1,6.5,24207,64.5,7.7,53.6,63.9,5.4,127158,17.0,18.0,14987,25.3,66.8,23693.0,50.3,26.3,20881.0,2.7,2812,18.0,27.2,21536.0,94.2,18957.0,94.1,23.1,6.8,5709,71.3,6.9,70.6,8.0,4.1,7.3,60.2,77.1,8.2,53.0,Cachar
Assam,7.7,26,8.1,24,71.6,8.5,2,62.4,71.1,7.8,5951,1.1,6.9,5769,56.4,6.8,57.7,56.1,7.1,29048,30.0,30.0,792,20.4,63.8,5424.0,91.3,22.5,5277.0,5.3,147,12.3,22.9,5027.0,93.2,4886.0,93.0,45.7,6.9,984,79.3,6.9,79.5,9.3,11.1,8.1,59.2,70.8,8.4,70.0,Darrang
Assam,3.7,121,4.5,108,77.5,5.3,13,71.6,77.0,3.7,14481,2.0,4.2,12619,66.6,5.2,69.3,65.9,3.2,75451,11.0,11.0,8914,22.6,67.2,14159.0,92.4,23.4,12392.0,7.5,1767,18.1,23.8,13529.0,91.5,11856.0,91.4,31.4,4.1,3467,80.4,4.1,79.9,4.9,9.5,4.5,67.6,78.0,5.3,37.0,Dhemaji
Assam,5.5,42,7.3,35,62.3,8.8,7,38.7,59.9,5.6,11001,0.0,5.4,9954,48.7,6.1,36.8,46.9,4.7,50992,18.0,19.0,4655,21.8,47.5,10136.0,94.1,23.1,9192.0,7.8,944,14.8,24.3,9498.0,89.9,8624.0,89.2,37.0,6.2,1556,72.5,6.4,72.1,8.1,15.5,7.0,43.3,69.4,8.4,69.0,Dhubri
Assam,6.3,91,7.9,66,93.1,9.0,25,79.3,92.7,6.9,21378,0.6,5.8,16514,82.3,7.1,55.4,81.5,4.5,97268,17.0,15.0,20835,19.2,81.7,19376.0,66.3,19.9,15084.0,0.9,4292,11.8,21.1,18037.0,97.5,14064.0,97.3,33.2,7.0,3509,90.6,7.5,89.8,8.4,7.8,7.4,77.1,88.0,8.5,51.0,Dibrugarh
Assam,5.3,64,6.7,56,72.2,7.9,8,54.7,72.4,5.5,15891,0.4,5.9,14630,46.6,7.8,51.0,47.3,3.9,75890,15.0,16.0,5617,21.6,51.2,15297.0,97.5,23.1,14114.0,4.5,1183,15.0,23.5,14293.0,91.8,13201.0,91.8,29.9,6.3,3009,72.2,6.3,72.5,7.1,14.7,6.7,48.1,58.1,7.9,53.0,Goalpara
Assam,7.2,70,8.3,61,89.3,9.2,9,71.3,89.5,7.3,16021,0.6,6.0,14183,69.4,5.9,61.7,69.2,6.1,72165,13.0,14.0,7586,21.5,79.4,14248.0,76.8,22.4,12642.0,1.4,1606,13.5,22.5,13359.0,96.6,11846.0,96.7,31.3,7.3,2387,76.9,7.6,76.8,8.9,7.2,8.0,72.2,85.1,8.8,56.0,Golaghat
Assam,6.0,10,6.9,8,78.6,7.6,2,37.5,78.3,6.1,2802,1.1,5.8,2381,67.1,6.6,34.9,67.6,4.5,13892,16.0,16.0,1906,30.6,46.4,2501.0,54.6,34.7,2134.0,7.4,367,23.8,37.4,2267.0,89.3,1925.0,88.7,25.6,5.7,660,74.1,5.9,73.9,7.9,3.6,6.8,35.5,75.3,7.6,52.0,Hailakandi
Assam,7.1,163,8.2,123,90.3,9.1,40,80.3,90.3,7.3,39114,1.5,7.1,30471,70.9,7.9,69.0,71.8,6.4,172958,11.0,11.0,36603,19.3,80.5,34941.0,72.5,19.9,27355.0,1.3,7586,11.4,20.6,32640.0,96.8,25582.0,96.8,29.0,7.6,5966,81.0,7.8,81.6,8.7,6.7,7.9,80.1,83.7,8.8,50.0,Jorhat
Assam,4.7,151,7.4,80,88.4,8.1,71,82.1,87.1,6.5,39488,1.3,3.9,20987,64.6,4.7,74.9,59.1,3.0,167282,14.0,22.0,69962,17.8,82.1,32678.0,79.5,18.5,18831.0,1.3,13847,12.2,22.0,30506.0,97.8,17585.0,97.9,25.2,5.1,4709,75.1,6.7,69.4,8.1,4.7,5.6,78.5,77.5,6.4,39.0,Kamrup
Assam,6.1,89,7.3,74,85.2,8.2,15,54.6,83.9,6.4,13588,1.7,6.4,10568,71.8,7.6,51.2,72.9,5.1,66160,22.0,25.0,14079,20.8,60.8,12141.0,87.5,21.8,9530.0,6.0,2611,13.7,22.9,11375.0,91.0,8954.0,89.3,30.0,6.6,2398,76.5,6.7,77.5,8.0,8.6,7.1,54.7,79.4,8.1,60.0,Karbi Anglong
Assam,6.5,29,7.1,25,73.8,7.6,4,36.7,74.0,6.6,6691,1.1,5.8,6293,65.4,6.6,30.4,65.3,4.5,31888,21.0,21.0,1826,25.6,42.4,5856.0,50.1,28.5,5496.0,7.2,360,18.7,29.2,5314.0,88.5,4975.0,88.1,26.6,5.8,1491,73.8,5.9,73.5,8.3,6.4,7.0,36.4,73.2,7.4,65.0,Karimganj
Assam,7.0,25,7.8,22,85.3,8.4,3,57.5,84.9,7.2,3944,1.1,5.4,3553,59.2,5.2,56.0,58.7,5.6,19029,31.0,32.0,1745,22.5,58.7,3614.0,96.6,24.6,3246.0,2.5,368,14.9,25.2,3359.0,96.2,3015.0,96.0,48.2,6.4,623,79.2,6.5,78.5,9.1,11.7,7.6,53.6,72.9,8.1,74.0,Kokrajhar
Assam,5.5,32,7.0,28,87.6,8.1,4,85.4,87.7,5.9,5823,1.1,4.3,4991,64.2,5.8,81.1,64.2,2.7,28713,15.0,15.0,3813,23.3,84.5,5549.0,91.4,25.4,4801.0,1.6,748,16.6,26.0,5187.0,98.1,4482.0,97.9,27.4,5.8,1463,79.5,6.0,79.4,8.1,9.5,6.7,81.5,78.1,7.9,48.0,Lakhimpur
Assam,7.4,115,8.1,106,82.8,8.7,9,67.8,82.6,7.6,27372,0.4,6.0,26186,66.2,7.2,64.3,66.0,4.7,136270,22.0,22.0,5128,23.0,57.9,25933.0,96.2,23.8,24805.0,3.2,1128,14.9,24.1,24292.0,93.8,23252.0,93.6,22.9,7.4,5704,82.6,7.5,82.5,8.7,10.8,8.0,57.6,84.6,8.6,63.0,Marigaon
Assam,6.7,71,8.3,58,68.5,9.4,13,54.4,68.1,7.1,18952,1.6,6.8,16291,52.5,8.5,47.2,51.8,5.1,88124,22.0,24.0,11073,23.7,59.7,17232.0,71.2,25.1,14962.0,5.7,2270,15.7,26.6,15976.0,89.2,13869.0,88.1,29.2,7.3,3941,74.9,7.5,75.1,9.0,8.8,8.0,56.0,69.1,9.2,62.0,Nagaon
Assam,6.3,22,7.4,20,88.0,8.4,2,87.3,88.0,6.4,4966,1.1,3.9,4627,68.0,5.5,74.0,67.8,2.3,22760,12.0,12.0,1480,18.5,86.1,4522.0,83.6,20.0,4236.0,1.6,286,11.2,20.2,4288.0,98.0,4023.0,98.0,17.9,6.6,784,78.6,6.7,78.4,8.1,4.4,7.3,86.8,87.8,8.3,58.0,Nalbari
Assam,5.0,84,7.1,49,75.5,7.8,35,56.0,70.4,6.2,10127,1.6,4.4,4266,56.2,4.7,53.9,57.1,4.0,44787,21.0,25.0,25469,18.3,66.6,7946.0,92.6,19.6,3182.0,5.9,4764,12.7,21.8,7412.0,91.6,3021.0,87.2,27.1,5.1,1312,65.8,6.1,67.2,8.0,5.4,5.6,46.0,64.8,6.2,54.0,North Cachar Hills
Assam,6.7,50,8.2,43,93.4,9.5,7,86.5,93.5,6.8,12855,1.3,6.6,11951,83.5,8.2,68.1,83.4,4.8,57972,19.0,19.0,3758,19.0,88.3,11316.0,72.1,19.9,10581.0,0.8,735,11.0,20.1,10573.0,98.0,9881.0,98.0,25.9,7.5,1954,88.4,7.6,88.3,8.8,6.2,8.1,83.8,92.0,9.4,56.0,Sibsagar
Assam,5.9,138,6.5,117,85.0,7.0,21,62.0,85.2,6.1,30255,1.7,5.5,27338,70.5,6.6,50.7,70.9,4.4,143695,18.0,19.0,12570,18.9,67.1,27274.0,78.0,19.9,24695.0,2.5,2579,12.4,20.2,25213.0,95.8,22812.0,95.8,40.5,5.9,4724,84.3,6.0,84.7,7.1,9.5,6.4,63.0,83.1,6.9,61.0,Sonitpur
Assam,6.7,144,7.7,105,91.1,8.4,39,74.0,90.6,7.0,29570,1.1,6.6,24318,79.0,7.6,48.4,78.9,5.6,139490,15.0,17.0,23747,20.5,77.1,26772.0,57.2,21.3,22061.0,0.9,4711,13.0,22.5,24859.0,98.4,20503.0,98.2,48.9,7.0,5668,87.8,7.1,87.7,8.3,9.5,7.5,73.3,88.9,8.3,50.0,Tinsukia
Bihar,7.6,48,7.5,43,67.2,7.3,5,45.7,66.8,7.7,16028,0.5,6.5,15342,59.9,6.5,37.0,59.9,6.5,81612,12.0,12.0,3613,30.6,49.8,14375.0,26.0,32.7,13745.0,5.2,630,23.2,33.2,13858.0,91.3,13248.0,91.0,70.8,6.9,3367,83.0,7.0,83.5,8.1,14.5,7.5,61.4,80.9,7.3,52.0,Araria
Bihar,5.5,59,5.7,51,82.9,5.9,8,61.7,83.4,5.4,10693,7.2,5.5,9839,78.6,4.8,45.9,79.2,6.1,63068,15.0,15.0,4805,24.7,73.1,12204.0,20.0,25.6,11279.0,1.9,925,19.1,25.9,11827.0,96.7,10936.0,96.9,52.4,5.2,2652,90.7,5.1,91.0,6.2,31.8,5.6,57.4,92.1,5.8,40.0,Aurangabad
Bihar,5.3,68,5.6,63,81.5,5.8,5,64.9,81.7,5.4,16677,0.5,5.5,16131,65.7,5.8,52.3,65.9,5.2,81445,16.0,15.0,2756,25.1,71.6,15734.0,13.5,26.0,15207.0,1.7,527,19.5,26.0,15148.0,96.3,14633.0,96.2,60.0,5.3,3695,76.0,5.3,76.3,5.9,18.8,5.6,70.5,80.6,5.8,44.0,Banka
Bihar,5.7,56,6.0,52,78.0,6.3,4,66.6,77.1,5.8,18320,0.5,4.9,17683,65.2,5.4,51.0,63.8,4.4,92242,17.0,17.0,3229,25.8,69.8,17631.0,12.4,26.9,17010.0,1.6,621,19.9,27.3,17080.0,96.9,16485.0,96.9,50.4,5.5,3903,80.0,5.6,79.2,6.5,20.5,5.9,55.8,81.0,6.2,40.0,Begusarai
Bihar,4.6,53,4.7,39,81.3,4.8,14,62.8,81.6,4.6,14684,2.4,4.8,13043,68.0,5.1,48.3,67.3,4.5,73983,21.0,22.0,8127,25.5,68.2,13440.0,13.7,27.3,11960.0,1.8,1480,20.8,27.5,12944.0,97.0,11525.0,97.2,56.9,4.3,2980,80.5,4.2,80.3,5.2,10.6,4.7,58.2,83.1,4.9,49.0,Bhagalpur
Bihar,5.1,83,5.5,66,77.9,5.8,17,70.3,77.1,5.3,17517,5.2,5.1,16012,67.9,5.7,45.7,67.7,4.4,100271,16.0,16.0,8724,23.5,74.3,19221.0,18.7,24.5,17667.0,2.7,1554,18.1,25.2,18571.0,95.7,17073.0,95.8,54.2,5.1,4162,80.3,5.1,80.7,5.9,26.6,5.4,69.4,80.9,5.7,41.0,Bhojpur
Bihar,6.0,74,6.3,64,75.7,6.5,10,71.5,75.5,6.0,17148,3.6,5.8,16241,67.8,5.8,47.5,67.7,5.8,100061,19.0,19.0,5013,24.1,75.7,18678.0,14.2,25.3,17768.0,4.4,910,17.9,25.4,18172.0,94.0,17301.0,94.0,51.1,5.9,4314,81.0,5.9,81.3,6.6,25.3,6.2,65.5,80.2,6.5,48.0,Buxar
Bihar,8.6,55,8.5,48,86.7,8.3,7,30.8,86.1,8.6,17074,0.6,8.7,16476,68.9,9.1,21.9,68.6,8.3,84212,16.0,15.0,2896,26.2,44.0,14613.0,27.5,27.3,14070.0,1.3,543,17.7,27.8,14289.0,97.9,13763.0,97.8,57.4,8.0,2905,81.7,7.9,82.1,9.0,16.9,8.5,43.0,78.5,8.3,44.0,Darbhanga
Bihar,6.2,51,7.0,41,74.7,7.6,10,45.5,77.1,6.3,8931,3.4,6.2,7471,69.3,6.6,29.0,71.5,5.8,50695,21.0,21.0,8366,24.0,71.4,10001.0,12.6,25.0,8421.0,2.0,1580,17.2,26.4,9637.0,94.8,8119.0,95.4,58.2,6.2,2188,79.6,6.2,81.3,7.7,35.9,6.8,68.3,80.5,7.4,49.0,Gaya
Bihar,5.9,72,6.2,65,90.0,6.6,7,61.4,89.9,5.9,16006,0.5,5.1,15225,74.8,4.0,43.3,74.3,6.2,95703,9.0,10.0,4332,25.0,55.5,16210.0,31.1,26.1,15467.0,3.7,743,18.9,26.2,15942.0,95.6,15206.0,95.4,46.9,5.6,3785,83.3,5.7,82.9,6.8,14.9,6.2,68.5,81.8,6.4,46.0,Gopalganj
Bihar,5.5,43,6.0,38,65.4,6.6,5,49.2,64.8,5.5,9045,0.5,5.7,8597,50.0,6.0,36.5,49.8,5.4,49514,21.0,22.0,2593,25.7,63.9,10168.0,12.2,26.7,9709.0,4.4,459,19.7,27.0,9892.0,89.6,9451.0,89.5,70.9,5.5,2176,59.8,5.5,59.8,6.5,33.1,6.0,48.6,66.6,6.5,51.0,Jamui
Bihar,5.2,98,5.3,87,84.0,5.5,11,73.0,85.3,5.1,21897,7.8,5.4,20629,79.1,4.8,55.8,80.4,5.9,113895,21.0,22.0,6889,23.9,78.9,21855.0,20.5,24.7,20575.0,1.6,1280,18.6,25.0,21206.0,97.7,19981.0,98.0,58.9,5.0,4321,91.0,5.0,91.5,5.6,31.0,5.3,74.3,90.2,5.4,47.0,Jehanabad
Bihar,5.4,57,5.3,54,78.5,5.3,3,70.0,78.2,5.4,10555,0.5,5.0,10181,69.1,5.6,45.2,68.8,4.5,62188,23.0,23.0,2125,24.3,72.8,11679.0,16.6,25.0,11291.0,1.9,388,18.9,25.3,11381.0,96.7,11006.0,96.7,48.6,4.9,2905,81.9,4.9,81.7,5.7,31.7,5.3,69.7,82.1,5.3,48.0,Kaimur (Bhabua)
Bihar,5.9,53,6.3,46,78.4,6.7,7,32.2,78.1,5.9,18411,1.3,6.7,17653,69.3,7.0,26.2,68.5,6.4,87988,14.0,14.0,3717,28.1,51.1,15611.0,22.7,29.6,14931.0,4.9,680,21.8,30.3,15169.0,93.6,14519.0,93.4,72.4,5.7,3447,81.9,5.7,81.3,6.9,8.4,6.3,59.1,80.7,6.8,52.0,Katihar
Bihar,9.5,74,9.3,67,88.0,8.9,7,65.4,87.8,9.6,24783,0.0,6.6,23925,84.8,6.3,56.3,84.7,6.9,132692,14.0,15.0,4437,30.3,58.8,23414.0,31.8,31.6,22620.0,8.1,794,21.2,32.1,22999.0,91.4,22221.0,91.1,63.6,8.6,4745,88.7,8.7,88.5,9.8,14.0,9.1,68.0,88.7,8.8,59.0,Khagaria
Bihar,5.9,38,6.5,32,40.6,6.9,6,34.8,38.3,6.1,12616,0.5,4.9,11633,32.2,5.2,27.8,29.7,4.6,61807,12.0,12.0,4704,30.4,85.8,10371.0,38.4,33.1,9582.0,8.9,789,24.1,34.4,9917.0,86.3,9165.0,85.1,75.4,5.7,2316,56.5,5.9,54.3,7.1,11.2,6.3,84.0,57.0,6.7,56.0,Kishanganj
Bihar,5.8,86,5.9,68,75.9,6.0,18,62.2,76.4,5.8,21059,3.4,6.1,19457,67.3,6.5,44.9,67.7,5.8,117494,20.0,21.0,8664,23.2,68.5,22366.0,17.1,24.0,20713.0,3.3,1653,17.3,24.6,21621.0,95.3,20033.0,95.5,57.6,5.7,4487,81.7,5.6,82.2,6.2,25.5,5.9,61.0,81.0,6.0,45.0,Lakhisarai
Bihar,7.3,50,7.0,46,86.0,6.8,4,45.7,85.9,7.2,20109,0.5,8.2,19539,80.2,6.7,39.1,80.1,10.0,103525,19.0,19.0,2626,29.4,78.4,19056.0,29.4,30.9,18532.0,1.2,524,22.4,31.3,18594.0,97.3,18086.0,97.3,57.9,6.5,4547,91.3,6.4,91.3,7.5,20.9,7.0,73.1,91.0,6.8,64.0,Madhepura
Bihar,7.2,82,7.0,77,90.4,6.9,5,40.6,90.5,7.2,25902,0.5,8.4,25639,87.8,9.3,28.1,87.9,7.3,129408,19.0,18.0,1316,24.2,51.5,23393.0,33.5,25.3,23150.0,4.4,243,17.1,25.4,22939.0,95.3,22700.0,95.3,68.4,6.7,5630,92.9,6.7,93.1,7.4,18.9,7.1,50.6,92.0,7.0,48.0,Madhubani
Bihar,5.8,86,6.3,54,86.1,6.7,32,76.4,86.1,5.8,18539,4.3,6.2,15325,74.4,6.6,59.7,74.3,5.7,94844,17.0,17.0,17036,24.3,77.8,17250.0,15.9,25.3,14183.0,1.0,3067,18.0,26.3,16572.0,98.0,13661.0,98.2,51.3,5.9,3775,83.4,5.9,83.3,6.7,10.4,6.2,71.7,86.5,6.7,43.0,Munger
Bihar,8.9,72,8.8,62,86.1,8.2,10,51.9,86.1,9.3,21181,0.0,5.0,20284,64.2,5.7,36.1,65.0,4.3,107391,19.0,20.0,4252,24.9,44.5,19254.0,28.4,26.0,18445.0,2.3,809,16.5,26.8,18748.0,96.6,17967.0,96.5,49.2,8.0,3555,82.3,8.3,82.8,9.2,13.7,8.5,52.3,75.4,8.0,55.0,Muzaffarpur
Bihar,6.8,74,7.6,58,82.5,8.2,16,67.9,82.6,7.0,15101,3.0,6.9,13648,74.8,7.9,50.1,75.8,5.9,80637,23.0,24.0,7910,25.5,75.0,16120.0,15.3,26.3,14706.0,2.0,1414,18.0,27.0,15523.0,96.6,14174.0,97.4,60.3,6.9,2969,84.0,7.0,85.3,8.2,29.7,7.5,54.6,88.7,8.2,47.0,Nalanda
Bihar,5.3,60,5.8,53,79.6,6.2,7,59.6,79.7,5.4,12068,6.5,4.8,11363,73.1,5.0,44.3,72.6,4.5,71744,18.0,18.0,4176,24.1,74.0,14427.0,21.5,24.9,13637.0,1.9,790,18.4,25.2,13948.0,95.9,13188.0,96.1,63.5,5.3,2691,82.3,5.4,82.1,6.2,48.3,5.7,54.5,84.2,6.1,46.0,Nawada
Bihar,8.9,35,8.4,29,75.0,8.1,6,60.7,74.5,8.7,9613,0.0,10.9,9106,53.9,10.6,43.4,52.9,11.3,49614,16.0,15.0,2501,28.0,57.6,8949.0,38.2,30.4,8498.0,5.5,451,19.4,31.2,8776.0,94.1,8337.0,93.9,77.9,8.0,2037,72.7,7.8,72.1,9.0,30.9,8.6,60.3,66.8,8.3,48.0,Pashchim Champaran
Bihar,4.9,128,4.9,61,82.4,4.8,67,73.3,79.3,5.0,26624,4.7,4.6,17158,76.0,4.3,49.7,74.1,4.9,141204,14.0,16.0,47517,21.1,79.8,26935.0,18.7,22.2,17868.0,1.6,9067,16.4,25.9,25872.0,97.4,17230.0,97.3,57.1,4.3,5352,87.8,4.5,87.7,5.2,20.5,4.7,57.7,86.6,4.5,31.0,Patna
Bihar,7.8,47,7.6,42,66.7,7.6,5,33.4,65.3,7.6,16381,0.5,7.5,15515,44.0,6.2,23.6,42.4,9.1,90990,16.0,16.0,4863,29.2,36.2,16330.0,26.2,30.9,15428.0,9.9,902,21.6,31.7,16108.0,85.9,15220.0,85.5,75.8,7.1,3802,68.2,7.1,68.5,8.1,22.2,7.6,40.1,57.1,7.4,48.0,Purba Champaran
Bihar,6.8,36,7.2,31,84.1,7.1,5,60.6,85.3,7.2,10344,0.5,6.0,9421,80.9,7.2,50.2,81.9,4.7,48915,13.0,11.0,4589,27.3,55.6,8697.0,28.0,29.1,7861.0,3.5,836,20.3,30.6,8458.0,94.9,7659.0,96.2,78.7,6.3,2093,91.4,6.5,92.2,7.8,13.2,7.0,72.5,92.7,7.1,53.0,Purnia
Bihar,6.0,59,6.5,47,77.4,6.9,12,72.1,77.3,6.0,12288,4.7,6.1,11044,70.4,6.2,41.5,70.4,6.0,72643,19.0,19.0,7242,25.3,78.3,13549.0,16.8,26.4,12291.0,2.8,1258,18.9,26.8,13130.0,95.8,11931.0,95.8,45.5,6.0,3373,84.3,6.0,84.6,6.9,23.5,6.4,71.1,84.2,6.9,44.0,Rohtas
Bihar,7.9,43,7.9,37,83.2,7.4,6,40.4,84.5,8.4,14545,0.3,4.7,13201,74.8,4.8,36.0,77.4,4.6,72565,18.0,17.0,6620,31.2,73.7,13043.0,25.4,34.4,11807.0,3.4,1236,23.7,35.3,12712.0,95.5,11500.0,95.4,56.6,6.7,3140,83.6,7.3,85.9,8.5,23.8,7.4,65.0,83.3,7.0,55.0,Saharsa
Bihar,6.6,65,6.7,61,91.2,6.7,4,60.9,91.7,6.8,17185,0.5,4.2,16734,84.3,4.1,54.4,84.6,4.3,86613,15.0,15.0,2203,28.3,69.7,16003.0,23.5,29.5,15579.0,3.3,424,21.7,30.1,15694.0,96.4,15282.0,96.5,64.3,6.2,3037,92.4,6.3,92.6,7.1,16.2,6.6,71.9,88.2,6.6,49.0,Samastipur
Bihar,7.0,65,7.4,56,85.4,7.8,9,52.7,86.2,7.1,14459,0.7,6.5,13370,79.7,6.7,40.9,80.6,6.3,79081,13.0,13.0,6007,23.9,55.1,13847.0,22.5,25.3,12821.0,5.2,1026,16.6,25.6,13498.0,94.0,12505.0,93.4,44.7,6.8,3172,88.4,6.9,88.2,7.9,14.6,7.3,67.3,88.5,7.6,49.0,Saran
Bihar,7.3,63,7.7,49,82.8,8.0,14,72.1,83.1,7.4,12180,2.7,7.3,11109,78.2,7.8,56.5,78.7,6.6,67490,28.0,29.0,6092,28.0,78.7,13112.0,17.8,29.1,11971.0,1.8,1141,20.4,30.1,12683.0,96.3,11586.0,96.5,61.1,7.2,3359,88.6,7.2,89.2,8.2,31.7,7.6,72.2,88.7,8.0,51.0,Sheikhpura
Bihar,7.9,41,7.5,38,80.1,7.0,3,32.2,81.2,8.0,14986,0.5,6.5,14537,69.1,5.7,23.8,69.7,7.3,71690,16.0,16.0,2289,30.7,30.7,12576.0,28.5,32.1,12153.0,4.6,423,23.3,32.1,12323.0,93.2,11916.0,93.6,71.5,7.0,3709,81.0,7.0,81.9,8.0,20.8,7.4,45.3,87.1,7.0,43.0,Sheohar
Bihar,9.1,49,9.5,44,78.5,9.5,5,28.0,77.6,9.4,15302,0.5,6.2,14372,69.6,6.9,20.6,68.2,5.5,71440,21.0,21.0,4166,27.6,33.3,12834.0,27.6,29.1,12074.0,6.2,760,18.4,29.6,12505.0,92.2,11773.0,92.5,72.0,8.5,3002,85.4,8.8,85.1,10.1,19.7,9.2,36.6,84.2,9.3,60.0,Sitamarhi
Bihar,6.8,101,7.4,92,91.0,7.9,9,57.8,91.3,7.0,25888,0.6,6.3,23838,76.6,6.7,39.7,75.9,5.9,148425,11.0,11.0,11261,25.5,46.2,24853.0,45.6,26.4,22856.0,4.4,1997,18.2,27.1,24313.0,95.0,22391.0,95.3,54.6,6.9,4584,86.1,7.0,85.7,7.9,13.7,7.3,66.3,82.9,7.8,43.0,Siwan
Bihar,5.9,64,6.4,59,82.6,6.6,5,56.4,82.1,6.1,19597,0.5,4.6,18936,72.6,5.8,46.4,72.6,3.1,95947,17.0,16.0,3233,27.7,58.5,17982.0,34.7,28.9,17399.0,2.9,583,21.4,29.2,17668.0,94.3,17098.0,94.0,68.7,5.9,4229,86.3,6.1,86.7,6.7,27.1,6.3,66.2,84.7,6.6,58.0,Supaul
Bihar,7.3,68,7.5,61,87.3,7.6,7,64.6,87.2,7.4,18948,0.7,6.3,18353,76.5,7.5,45.8,76.2,5.0,94831,12.0,11.0,3072,26.5,52.5,17818.0,19.4,27.7,17235.0,3.6,583,19.0,28.3,17379.0,96.0,16831.0,95.9,50.8,7.0,3126,84.3,7.0,83.9,8.0,13.8,7.4,66.4,85.9,7.6,40.0,Vaishali
Chhattisgarh,5.88,70,7.37,59,87.68,8.86,11,66.38,87.3,5.86,15806,1.67,7.46,14306,82.52,8.78,61.04,82.08,6.08,71531,14.03,13.97,7010,20.96,77.23,13396.0,49.72,22.48,12049.0,3.28,1347,13.58,22.72,12331.0,95.98,11088.0,95.84,59.09,6.52,2255,90.76,6.44,90.72,8.31,11.66,7.38,76.43,89.69,8.86,39.56,Bastar
Chhattisgarh,6.4,90,7.29,60,85.75,7.51,30,24.08,86.32,7.06,25088,1.7,6.29,16995,68.89,7.44,18.49,70.49,5.07,106626,11.66,11.47,37024,25.58,62.76,21042.0,38.69,26.61,13790.0,2.87,7252,18.63,28.35,19553.0,96.39,12853.0,97.03,44.1,6.46,3430,87.86,6.63,89.99,7.95,11.79,6.96,52.83,77.35,7.49,38.39,Bilaspur
Chhattisgarh,6.95,81,8.42,72,83.43,9.81,9,46.17,81.76,7.05,15125,2.37,9.19,12951,66.05,12.06,39.64,63.8,6.25,68561,14.89,16.41,8978,23.92,66.59,13204.0,49.38,26.46,11258.0,6.51,1946,15.41,26.83,12027.0,92.39,10277.0,91.86,79.04,7.61,2266,78.73,7.46,77.9,9.39,15.32,8.51,58.0,76.59,10.08,43.99,Dantewada
Chhattisgarh,6.89,97,7.45,78,93.09,7.98,19,50.4,92.93,6.92,23223,6.37,7.62,20373,88.92,8.56,39.17,88.63,6.7,106459,11.58,12.19,12436,21.29,86.3,21814.0,52.07,22.03,19315.0,2.17,2499,13.82,22.48,20156.0,97.76,17922.0,97.77,22.57,7.03,3884,93.53,6.98,93.36,7.92,6.96,7.47,86.37,95.82,8.05,47.2,Dhamtari
Chhattisgarh,5.78,119,6.82,61,92.96,6.93,58,31.1,93.15,6.72,25646,10.49,4.99,15496,86.79,5.9,25.06,85.01,4.05,120957,10.58,13.35,46270,20.33,85.18,24660.0,41.82,21.14,15106.0,2.54,9554,14.16,22.5,23077.0,97.25,14157.0,96.8,25.46,5.8,4328,90.54,6.3,88.35,7.34,7.51,6.17,82.8,91.21,6.56,34.93,Durg
Chhattisgarh,6.98,77,7.51,64,91.94,7.82,13,25.71,91.73,7.2,22495,20.38,5.58,20254,75.7,6.03,19.92,77.13,5.12,96586,14.12,14.02,8750,20.74,67.92,18061.0,47.64,21.7,16406.0,2.09,1655,13.43,22.02,16952.0,97.12,15426.0,97.09,40.42,6.91,3059,82.13,7.12,83.63,7.9,10.08,7.31,49.7,89.67,7.63,46.14,Janjgir-Champa
Chhattisgarh,8.94,54,9.28,50,88.43,9.44,4,36.98,88.6,9.11,12120,6.78,4.57,11508,61.37,4.77,30.31,61.71,4.34,56239,20.57,20.94,2683,22.6,48.88,10863.0,43.97,24.02,10312.0,2.13,551,13.5,24.32,10082.0,97.34,9575.0,97.27,46.3,8.34,1896,68.22,8.49,68.42,10.08,15.99,9.1,44.8,80.19,9.26,56.17,Jashpur
Chhattisgarh,5.31,61,5.74,56,95.12,6.1,5,67.46,94.92,5.39,11799,6.78,4.09,11049,90.04,4.72,60.42,90.01,3.43,51645,18.76,19.02,3248,20.77,85.86,10568.0,43.63,21.98,9910.0,2.08,658,15.09,22.15,9511.0,97.64,8934.0,97.65,25.93,5.1,1478,93.02,5.14,93.01,6.35,4.59,5.68,83.41,92.64,6.04,45.72,Kanker
Chhattisgarh,7.9,31,8.73,27,88.45,9.33,4,22.64,88.04,8.13,6639,6.78,6.88,5359,71.8,7.31,19.31,69.82,6.44,28592,14.85,16.12,5250,29.43,78.43,5780.0,43.06,31.44,4724.0,3.21,1056,20.95,32.94,5416.0,96.35,4432.0,96.34,51.64,7.62,1063,79.71,7.79,78.89,9.67,27.28,8.48,73.86,81.59,9.05,57.25,Kawardha
Chhattisgarh,5.74,117,7.47,62,90.59,8.14,55,33.86,87.96,6.79,28153,7.85,4.56,16965,63.13,4.96,28.48,60.0,4.13,117747,9.95,11.5,48812,22.54,61.24,24064.0,42.96,23.31,13887.0,2.49,10177,16.23,26.21,22278.0,97.03,12790.0,96.05,46.95,5.96,4277,70.74,6.96,68.49,7.99,9.58,6.31,41.33,68.96,6.86,48.14,Korba
Chhattisgarh,6.08,61,6.63,37,90.93,6.74,24,34.12,91.31,6.52,11402,8.7,5.89,8093,76.02,6.72,29.45,76.77,4.97,48871,15.64,16.69,15207,20.6,60.2,10148.0,55.38,21.7,7167.0,2.55,2981,14.19,24.17,9432.0,96.95,6697.0,97.02,43.66,5.85,2153,96.55,5.89,96.91,7.37,16.16,6.42,52.84,79.35,6.73,51.82,Koriya
Chhattisgarh,7.93,62,8.54,52,90.79,8.94,10,47.64,90.2,8.15,13895,10.7,7.65,12304,81.77,9.24,38.3,81.17,6.05,56921,18.94,19.56,6494,22.91,84.77,11557.0,52.34,24.04,10248.0,2.74,1309,14.46,24.37,10701.0,97.26,9533.0,97.19,37.88,7.89,1680,92.29,7.93,91.85,9.15,9.82,8.45,81.49,86.35,8.97,57.25,Mahasamund
Chhattisgarh,7.27,91,8.05,73,91.99,8.49,18,37.32,92.45,7.6,19317,9.02,5.9,16505,72.94,6.56,30.84,72.44,5.24,77735,15.62,16.17,12797,21.48,64.24,15535.0,44.42,22.5,13005.0,2.98,2530,13.73,22.88,14406.0,96.63,12093.0,96.45,38.72,7.27,2881,78.53,7.56,77.51,8.53,10.67,7.75,56.27,80.25,8.22,55.0,Raigarh
Chhattisgarh,6.39,115,7.14,69,92.89,7.35,46,25.98,93.07,6.92,27085,8.6,6.03,19007,80.26,6.9,19.54,79.38,5.11,124335,8.95,8.69,37699,25.16,72.43,24665.0,41.73,26.15,17053.0,3.03,7612,18.35,27.79,22933.0,96.56,15916.0,96.37,42.45,6.42,3421,86.27,6.63,85.4,7.64,10.83,6.81,60.25,85.41,7.22,44.98,Raipur
Chhattisgarh,6.98,63,7.75,47,92.36,8.29,16,38.87,92.37,7.2,12470,7.19,6.67,9853,83.0,7.41,31.04,83.59,5.92,58000,10.73,11.52,11405,24.0,85.08,11824.0,41.26,25.03,9550.0,2.77,2274,16.43,26.37,10902.0,95.96,8831.0,95.82,28.08,6.96,1900,88.54,7.11,88.85,8.39,6.3,7.57,82.25,87.33,8.14,48.78,Rajnandgaon
Chhattisgarh,8.25,66,8.94,59,86.52,9.31,7,29.21,86.37,8.55,16822,2.97,4.64,15536,59.09,4.73,24.09,57.79,4.54,73504,21.77,22.63,5830,26.18,45.65,14762.0,29.78,27.53,13555.0,3.56,1207,17.57,28.52,13806.0,96.23,12691.0,96.01,54.04,8.04,3451,68.77,8.34,67.4,9.55,21.85,8.61,38.92,65.26,8.95,50.46,Surguja
Jharkhand,5.1,106,6.4,47,86.8,6.6,59,40.0,85.3,6.1,21645,1.4,4.6,13042,82.5,5.0,11.9,81.0,4.2,109548,8.0,8.0,43769,22.9,80.0,21646.0,14.9,23.7,13218.0,1.6,8428,17.5,27.6,20497.0,96.9,12471.0,96.5,53.8,5.1,4644,88.9,5.9,87.9,6.8,8.5,5.4,72.1,89.4,5.7,28.0,Bokaro
Jharkhand,4.4,72,4.5,66,76.7,4.6,6,33.5,76.8,4.5,12282,6.3,4.0,11282,61.4,4.5,13.4,61.1,3.4,69267,18.0,18.0,5757,23.6,64.3,12987.0,14.4,24.7,12013.0,6.2,974,19.1,24.8,12476.0,92.6,11550.0,92.2,55.1,4.2,2398,71.5,4.3,70.9,4.8,19.2,4.5,58.4,71.8,4.6,42.0,Chatra
Jharkhand,3.8,67,4.5,54,72.1,5.1,13,35.1,71.6,3.8,10177,1.8,3.8,8261,56.3,3.5,23.0,55.5,4.0,54269,15.0,14.0,9661,21.7,64.6,11067.0,15.2,23.1,9159.0,5.6,1908,17.4,23.7,10598.0,90.1,8760.0,89.9,57.1,3.8,1815,68.8,3.8,68.4,5.1,22.4,4.3,60.0,71.4,4.8,31.0,Deoghar
Jharkhand,4.9,121,6.3,45,79.3,6.5,76,37.0,78.5,6.2,22724,4.0,4.4,11849,69.3,4.8,9.2,69.2,4.0,118510,6.0,7.0,57210,23.6,84.9,22763.0,13.9,24.7,12085.0,2.0,10678,18.4,29.9,21277.0,93.8,11314.0,91.9,49.9,4.9,4769,81.4,5.8,82.0,6.9,12.3,5.2,80.6,78.1,5.5,26.0,Dhanbad
Jharkhand,6.3,83,6.7,75,81.8,7.1,8,26.3,81.6,6.4,11265,4.6,6.0,10339,72.7,6.3,18.2,72.3,5.6,55026,12.0,13.0,4390,25.4,67.8,11408.0,11.9,26.7,10492.0,3.0,916,18.7,27.3,10648.0,93.3,9798.0,93.1,58.7,6.2,2734,81.7,6.2,81.3,7.3,21.2,6.7,64.5,82.1,7.0,45.0,Dumka
Jharkhand,4.4,79,4.6,74,82.0,4.7,5,36.0,81.6,4.5,20717,1.95,4.2,19654,65.7,4.8,27.0,65.1,3.6,106313,13.0,13.0,5491,23.3,56.6,19725.0,17.1,24.5,18659.0,3.9,1066,18.7,24.9,19177.0,95.1,18156.0,94.8,64.3,4.2,3129,74.7,4.2,74.1,4.9,20.8,4.6,52.4,78.0,4.7,33.0,Garhwa
Jharkhand,3.6,112,4.1,101,66.0,4.6,11,33.5,65.8,3.6,20259,2.0,4.3,19266,46.5,4.6,15.1,46.2,3.9,117241,10.0,11.0,5608,21.6,69.4,23850.0,11.6,22.4,22803.0,9.4,1047,17.5,22.6,22975.0,86.7,21992.0,86.6,58.0,3.8,4090,61.8,3.8,61.3,4.4,24.5,4.1,64.9,60.4,4.6,28.0,Giridih
Jharkhand,6.6,60,6.8,56,76.3,6.9,4,30.3,76.2,6.7,13249,1.95,4.7,12550,55.9,4.7,18.2,55.6,4.7,67445,25.0,26.0,3534,23.2,55.1,12790.0,16.3,24.3,12108.0,4.5,682,16.5,24.6,12224.0,93.7,11569.0,93.7,62.9,6.3,2704,67.7,6.4,67.5,7.2,16.9,6.7,49.9,70.1,6.8,54.0,Godda
Jharkhand,7.8,154,9.1,141,90.2,10.2,13,43.7,90.1,8.0,33467,1.3,6.6,31471,80.8,8.2,36.6,80.8,5.0,166488,11.0,12.0,9756,25.2,53.7,29190.0,21.4,25.8,27485.0,1.4,1705,16.3,26.3,26940.0,97.0,25386.0,97.0,51.8,8.6,7514,86.1,8.7,85.9,9.4,14.5,8.9,47.7,88.8,10.0,45.0,Gumla
Jharkhand,4.1,98,4.5,67,86.9,4.8,31,49.5,86.6,4.2,22829,3.8,4.2,19252,70.6,4.6,28.1,70.2,3.8,124592,15.0,15.0,18794,19.9,75.1,24930.0,18.6,20.7,21400.0,1.8,3530,15.4,21.6,23816.0,97.2,20481.0,97.3,45.4,4.2,4328,80.1,4.2,80.2,4.7,13.5,4.4,68.8,82.4,4.7,29.0,Hazaribagh
Jharkhand,4.2,72,4.5,54,83.2,4.8,18,51.4,83.5,4.1,12349,1.9,4.5,10701,61.8,4.4,26.7,65.1,4.6,72466,9.0,9.0,9395,22.6,80.9,14701.0,12.0,23.7,12869.0,2.4,1832,18.2,24.2,14026.0,97.2,12290.0,96.8,48.3,4.1,2589,75.0,4.1,78.5,4.9,18.6,4.5,78.1,78.2,4.7,27.0,Kodarma
Jharkhand,7.7,107,8.3,87,93.9,8.8,20,50.9,94.1,7.8,22851,1.2,6.8,20510,88.1,7.0,37.8,88.2,6.7,118200,14.0,15.0,11978,27.0,62.6,20995.0,25.0,27.6,18815.0,1.2,2180,18.8,28.6,19514.0,97.6,17456.0,97.5,52.5,7.8,5394,91.3,8.0,91.1,8.7,15.6,8.1,57.2,91.2,8.6,53.0,Lohardaga
Jharkhand,6.4,33,6.8,30,75.5,7.1,3,26.1,75.4,6.4,6472,1.95,4.8,6007,47.6,4.4,20.8,47.3,5.2,31934,21.0,22.0,2109,29.2,61.6,6344.0,20.9,31.0,5909.0,3.4,435,22.5,31.6,5902.0,94.8,5486.0,94.7,67.6,5.8,1652,62.3,5.9,62.1,7.6,23.8,6.6,60.6,64.6,6.9,52.0,Pakaur
Jharkhand,5.1,131,5.0,119,81.2,5.0,12,37.6,80.9,5.1,25256,4.2,5.2,24045,64.5,5.6,23.5,64.2,4.9,134018,17.0,17.0,6772,21.9,65.0,24457.0,12.3,22.9,23300.0,4.5,1157,16.8,23.1,23587.0,94.0,22486.0,93.6,58.6,4.8,4188,77.5,4.8,77.1,5.3,20.6,5.1,59.0,76.6,5.0,40.0,Palamu
Jharkhand,7.5,126,8.7,96,87.7,9.3,30,32.2,86.9,8.1,21904,5.7,4.9,18551,74.5,5.6,24.1,73.0,4.2,104482,18.0,20.0,16070,25.4,53.9,18686.0,17.1,26.4,15546.0,2.7,3140,17.3,27.7,17333.0,95.5,14386.0,95.0,62.0,7.5,4816,84.1,8.1,82.9,9.3,12.5,8.1,39.5,80.8,8.7,53.0,Pashchimi Singhbhum
Jharkhand,4.8,279,6.4,97,92.3,7.1,182,56.1,93.3,5.6,37470,1.5,4.8,16513,85.0,5.3,38.9,87.2,4.3,174472,8.0,10.0,99262,20.1,74.1,35135.0,19.3,20.7,15307.0,0.7,19828,14.7,24.1,32951.0,98.5,14287.0,98.2,52.0,5.2,5993,92.0,6.0,92.8,6.7,6.9,5.5,60.9,90.6,6.0,25.0,Purbi Singhbhum
Jharkhand,5.5,137,6.4,75,90.9,6.9,62,53.3,91.6,5.9,26129,3.2,5.9,17666,81.5,6.8,33.8,84.5,4.9,133247,9.0,9.0,42670,22.7,72.3,24887.0,24.1,23.6,16779.0,1.3,8108,16.5,25.8,23089.0,97.5,15461.0,97.1,44.2,5.8,5203,90.1,5.9,89.8,6.9,9.9,6.2,64.4,89.9,6.9,30.0,Ranchi
Jharkhand,6.2,271,6.6,229,74.4,6.9,42,25.0,73.9,6.3,51689,2.0,5.0,47183,57.9,5.2,17.5,57.2,4.8,261780,22.0,23.0,23036,23.5,55.7,49915.0,17.7,24.1,45721.0,6.1,4194,17.1,24.9,46814.0,91.6,42876.0,91.0,65.3,6.3,11814,70.7,6.5,70.0,6.8,17.3,6.5,47.7,71.6,6.7,52.0,Sahibganj
Madhya Pradesh,7.8,69,8.7,56,94.5,9.6,13,79.5,95.0,7.9,17292,15.6,8.1,14958,82.5,9.0,71.5,85.2,7.1,73641,12.92,13.09,10412,22.5,85.7,14732.0,27.3,23.5,12675.0,2.8,2057,13.9,24.3,13893.0,97.0,11976.0,97.3,20.1,8.1,3271,87.0,8.1,88.3,9.3,4.8,8.6,79.8,90.9,9.5,58.78,Balaghat
Madhya Pradesh,10.3,55,10.7,43,82.2,11.4,12,67.7,79.6,10.0,10787,5.7,13.4,8860,68.3,15.3,63.6,64.6,11.4,53874,24.84,22.24,8872,31.2,70.1,10991.0,60.4,33.7,9116.0,4.2,1875,20.0,34.0,10539.0,93.0,8785.0,91.6,78.1,10.2,2781,76.8,9.7,73.8,11.7,41.1,11.2,65.7,76.1,12.1,65.66,Barwani
Madhya Pradesh,8.2,80,8.9,59,94.0,9.1,21,86.2,93.9,8.7,15615,16.6,6.7,12333,64.7,7.4,75.2,63.8,5.9,70327,16.48,18.4,14303,23.7,82.4,13355.0,37.4,24.8,10533.0,3.0,2822,15.2,26.3,12599.0,96.7,9960.0,96.7,26.5,8.0,2865,75.4,8.3,73.9,9.5,6.5,8.5,78.9,77.0,8.8,60.8,Betul
Madhya Pradesh,5.9,93,7.3,63,82.8,7.9,30,83.3,81.7,6.5,22756,6.5,5.4,15478,71.3,5.8,79.0,69.3,4.9,106513,22.96,24.96,34741,22.6,79.8,19869.0,58.2,23.5,13117.0,3.4,6752,16.0,24.9,19102.0,95.7,12620.0,95.6,46.5,6.1,3521,80.8,6.7,79.2,7.8,23.0,6.6,78.3,79.4,7.1,54.14,Bhind
Madhya Pradesh,4.5,111,7.4,16,85.5,8.6,95,86.3,94.0,6.0,16609,7.1,5.3,2443,71.9,6.2,77.3,88.2,4.3,76043,18.5,16.82,64321,18.6,90.3,15194.0,62.7,19.9,2178.0,2.1,13016,13.1,26.7,14449.0,97.7,2084.0,97.5,45.8,5.1,2614,79.1,6.0,89.4,8.7,6.6,5.6,87.8,81.8,6.6,47.57,Bhopal
Madhya Pradesh,7.1,46,8.1,32,73.2,8.5,14,80.9,70.1,7.7,9252,1.0,6.0,7197,43.5,6.7,72.4,37.0,5.1,43340,17.08,15.64,9846,29.4,75.1,7907.0,49.1,30.9,6074.0,4.7,1833,21.9,34.3,7704.0,93.6,5930.0,93.3,48.9,7.0,1927,64.3,7.4,60.3,8.9,36.2,7.6,74.2,64.6,8.1,63.16,Chhatarpur
Madhya Pradesh,7.0,59,8.7,39,90.8,10.1,20,79.5,89.8,7.3,9442,7.5,6.7,6589,62.2,7.4,70.6,63.7,6.1,42742,24.1,25.25,12682,22.7,79.7,8233.0,30.5,24.0,5791.0,5.2,2442,14.5,25.2,7743.0,93.7,5470.0,92.9,34.6,7.6,1860,83.5,8.0,83.1,9.4,6.3,8.2,79.5,66.4,9.3,69.02,Chhindwara
Madhya Pradesh,9.9,42,11.3,31,77.1,11.8,11,53.1,76.0,10.6,10028,17.7,7.9,7713,42.4,8.4,43.7,39.9,7.5,41400,17.31,17.83,10179,28.8,68.2,8141.0,43.7,30.6,6219.0,6.2,1922,18.3,32.4,7817.0,92.5,5996.0,92.7,42.8,9.7,1821,61.2,10.5,58.5,12.0,17.3,10.5,67.4,59.2,11.0,70.58,Damoh
Madhya Pradesh,6.6,40,6.6,28,75.4,6.5,12,83.7,73.5,6.6,7202,1.8,6.8,4648,63.5,6.8,77.4,61.4,6.8,33458,30.01,30.41,11932,18.8,80.3,6528.0,43.2,20.4,4265.0,6.2,2263,12.2,22.0,6317.0,92.5,4113.0,92.8,49.1,5.8,1189,78.1,5.7,77.6,7.5,21.1,6.6,81.9,76.9,6.6,73.26,Datia
Madhya Pradesh,5.0,74,5.8,47,87.5,6.4,27,88.7,87.6,5.2,13798,7.5,5.0,8913,74.1,5.1,78.8,76.3,4.8,70575,23.3,26.42,24625,21.2,88.5,14586.0,59.8,22.6,9532.0,2.7,5054,15.6,24.2,14088.0,96.2,9215.0,96.0,49.7,5.0,2512,80.2,5.1,80.9,6.5,22.2,5.5,87.1,79.1,5.9,55.63,Dewas
Madhya Pradesh,5.6,41,6.0,31,80.7,6.8,10,83.6,80.3,5.3,7495,10.5,6.6,5888,69.8,6.3,78.1,70.8,6.9,38985,21.39,22.47,8129,24.2,86.3,7892.0,53.0,25.9,6230.0,2.3,1662,18.0,26.1,7526.0,97.5,5955.0,97.6,64.5,5.5,1381,78.0,5.4,79.7,6.7,28.4,6.2,81.0,85.9,6.7,54.1,Dhar
Madhya Pradesh,9.2,45,10.4,41,90.9,11.5,4,49.3,90.6,9.3,8284,7.1,6.8,7623,68.6,6.9,44.5,67.6,6.6,34474,21.93,22.04,2744,29.2,45.6,7201.0,32.0,30.8,6629.0,3.8,572,18.9,31.3,6664.0,94.5,6161.0,94.3,40.4,9.6,1689,81.4,9.7,80.7,11.1,20.7,10.2,52.2,76.8,11.3,66.18,Dindori
Madhya Pradesh,6.7,58,7.9,37,80.9,8.8,21,70.6,78.7,6.9,11371,5.9,7.3,8584,64.5,8.2,62.4,63.2,6.3,56169,23.47,24.97,14684,23.1,63.4,10478.0,39.8,24.8,7896.0,3.4,2582,15.4,26.6,10019.0,95.7,7580.0,95.1,57.7,7.1,2359,73.5,7.2,72.9,8.6,11.9,7.7,62.3,73.7,8.6,66.69,East Nimar
Madhya Pradesh,7.8,33,8.4,23,87.1,8.9,10,93.4,86.4,7.9,5679,9.1,7.9,3721,69.2,8.2,89.0,66.5,7.4,29399,28.87,30.72,9978,28.1,92.4,5700.0,63.2,29.8,3751.0,3.0,1949,19.8,32.5,5548.0,96.5,3655.0,95.7,65.1,7.3,1165,73.8,7.2,70.1,9.7,36.5,8.3,93.3,73.9,8.7,74.97,Guna
Madhya Pradesh,5.1,65,6.6,20,90.5,6.4,45,92.8,91.5,6.9,12799,3.1,5.6,4150,76.3,6.6,80.9,73.8,4.4,63269,16.59,22.27,42914,17.8,92.3,12146.0,57.3,19.3,3947.0,0.9,8199,11.9,23.8,11648.0,98.6,3821.0,97.7,53.9,5.3,2007,81.1,5.7,78.5,7.6,10.4,5.9,85.0,85.4,6.5,48.33,Gwalior
Madhya Pradesh,6.9,75,7.2,53,88.5,7.4,22,75.3,88.1,7.0,14547,19.7,6.0,10890,61.3,5.8,64.2,60.8,6.3,68116,21.85,22.81,16829,24.5,84.8,13234.0,39.2,25.4,9963.0,4.4,3271,17.5,26.4,12812.0,95.2,9682.0,94.4,30.5,6.4,2622,70.5,6.6,68.9,7.8,7.8,6.9,74.3,72.7,7.0,62.61,Harda
Madhya Pradesh,6.8,95,8.2,56,95.0,8.7,39,90.0,93.4,7.6,18249,32.0,6.1,10681,67.4,6.7,77.6,70.5,5.5,83096,14.93,16.66,33490,21.8,91.3,16031.0,50.0,22.8,9542.0,1.9,6489,14.4,25.9,15351.0,97.8,9180.0,97.0,33.6,6.9,2731,78.5,7.5,78.4,8.9,4.2,7.4,82.3,76.2,8.0,58.86,Hoshangabad
Madhya Pradesh,4.5,107,6.9,23,94.0,7.3,84,96.7,89.1,6.5,24253,3.8,4.7,5549,85.5,5.5,77.3,81.1,3.9,120277,13.14,15.48,91475,19.5,94.7,24765.0,57.8,21.1,6024.0,1.7,18741,14.3,26.2,23557.0,98.1,5777.0,98.6,40.8,4.6,3841,89.1,5.9,90.4,7.9,9.1,5.2,90.8,88.3,5.9,37.33,Indore
Madhya Pradesh,5.1,99,6.0,33,87.5,6.4,66,81.1,81.4,5.6,17703,11.1,5.6,6046,70.5,6.2,74.0,63.3,4.8,77369,13.61,14.18,51451,21.4,86.1,14957.0,39.7,22.5,5137.0,4.3,9820,15.7,28.5,14245.0,95.5,4878.0,93.1,32.1,5.3,2180,83.8,5.3,80.0,6.7,6.2,5.7,73.2,79.7,6.3,47.8,Jabalpur
Madhya Pradesh,5.4,43,5.8,37,75.3,6.1,6,77.8,73.4,5.5,8535,3.4,4.7,7493,57.4,4.3,64.2,54.5,5.1,47714,26.03,27.53,5191,23.3,82.5,9076.0,72.5,24.7,8000.0,10.9,1076,17.6,25.4,8784.0,88.4,7765.0,87.4,84.5,5.1,1408,64.4,5.2,61.7,6.4,55.3,5.7,77.1,62.6,5.9,63.82,Jhabua
Madhya Pradesh,8.9,43,10.4,30,90.0,11.0,13,77.8,89.0,9.8,11016,15.4,7.5,7982,63.6,8.4,73.9,63.3,6.5,45637,17.77,18.71,12600,26.6,80.3,8996.0,49.3,28.2,6530.0,1.4,2466,17.0,30.6,8580.0,98.1,6271.0,97.8,44.9,8.7,1988,73.2,9.3,72.5,11.6,12.9,9.6,78.9,80.9,10.3,64.67,Katni
Madhya Pradesh,8.0,59,8.8,50,79.2,9.2,9,61.7,78.2,8.4,10498,15.5,5.2,8831,51.3,6.1,54.5,49.7,4.2,45198,21.74,22.88,7259,25.0,60.2,9418.0,23.6,26.2,7963.0,6.8,1455,16.6,27.3,8789.0,92.3,7444.0,91.9,40.5,7.7,2058,69.8,8.1,68.9,9.5,19.1,8.4,54.1,62.2,8.8,67.85,Mandla
Madhya Pradesh,5.9,65,6.9,48,83.3,7.6,17,89.1,80.7,6.1,14234,1.9,5.7,11066,67.5,6.3,84.7,65.9,5.1,67375,20.94,21.34,15667,18.6,88.2,14537.0,61.8,19.7,11239.0,3.9,3298,12.1,20.2,13806.0,95.8,10710.0,95.2,51.0,6.0,1990,80.2,6.2,77.1,7.5,29.2,6.6,81.8,74.5,7.3,60.29,Mandsaur
Madhya Pradesh,7.5,43,7.6,30,82.1,7.8,13,91.6,80.5,7.5,10107,2.8,7.6,7587,73.4,7.7,86.7,70.2,7.5,49936,24.26,20.2,13094,23.6,78.5,9662.0,48.8,25.3,7119.0,1.5,2543,16.0,27.6,9361.0,97.7,6901.0,97.8,58.4,7.0,1995,83.8,6.9,81.7,8.4,29.2,7.6,71.3,84.9,7.7,59.18,Morena
Madhya Pradesh,7.2,48,7.4,37,90.5,7.4,11,90.0,90.2,7.3,10241,26.6,6.2,8621,70.5,6.2,73.5,71.8,6.2,44098,20.51,22.15,7294,26.5,87.4,8866.0,43.3,27.9,7419.0,3.5,1447,19.3,28.7,8492.0,96.4,7121.0,96.2,26.6,6.7,1727,83.9,6.8,84.3,8.0,10.7,7.2,77.2,77.5,7.2,61.88,Narsimhapur
Madhya Pradesh,5.0,61,6.0,38,89.8,6.8,23,85.2,88.8,5.1,13151,1.2,5.5,8735,74.7,6.2,75.6,71.7,4.9,59774,18.24,20.25,21503,21.7,85.5,12826.0,49.8,22.6,8432.0,2.2,4394,15.9,22.6,12182.0,97.4,8004.0,97.6,51.0,5.3,2525,80.4,5.3,77.6,6.7,27.0,5.8,84.6,79.7,6.6,54.98,Neemuch
Madhya Pradesh,11.8,35,11.6,28,70.8,11.0,7,76.8,71.2,12.3,6539,11.9,9.4,5333,38.4,9.7,69.6,37.2,9.1,28645,23.81,24.83,5539,31.3,77.1,5264.0,39.5,33.4,4242.0,6.2,1022,20.0,35.3,5105.0,92.9,4125.0,92.8,47.3,10.4,1141,57.5,10.6,55.1,12.7,21.6,11.3,73.1,63.2,10.8,84.78,Panna
Madhya Pradesh,7.6,39,8.6,29,86.7,8.7,10,76.4,85.9,8.5,5765,11.0,5.7,4014,53.2,6.4,70.4,53.8,4.8,27882,20.87,21.94,8127,26.9,79.4,5071.0,57.5,28.9,3551.0,3.8,1520,19.0,31.6,4908.0,95.6,3451.0,95.0,41.5,7.1,1102,77.8,7.6,78.2,9.5,13.7,7.9,71.9,64.8,8.1,69.01,Raisen
Madhya Pradesh,7.4,47,7.8,35,87.0,7.8,12,88.0,86.0,7.9,8455,5.9,5.8,6918,75.9,6.3,82.7,74.5,5.2,37074,19.33,18.78,7258,25.4,79.3,7866.0,67.2,27.3,6363.0,2.7,1503,17.9,28.5,7564.0,96.7,6131.0,96.6,62.3,6.7,1684,84.5,6.9,83.7,8.7,39.8,7.5,81.1,81.4,7.6,60.15,Rajgarh
Madhya Pradesh,7.0,49,9.4,29,93.1,9.9,20,92.7,91.8,8.8,9741,1.5,5.5,5157,82.2,6.1,89.4,78.7,4.9,45513,26.57,31.85,22477,26.4,91.2,9620.44,64.9,28.3,5058.45,2.1,4562,18.9,33.9,9074.41,97.7,4798.43,97.3,61.7,6.8,2414,86.2,8.4,82.0,10.3,27.0,7.5,89.7,86.0,8.1,64.74,Ratlam
Madhya Pradesh,7.8,42,8.3,32,86.6,8.4,10,81.5,86.0,8.1,8438,26.8,6.5,6897,61.1,6.6,75.5,59.5,6.4,33914,23.06,23.52,6424,26.1,84.9,6336.0,55.0,27.8,5127.0,2.0,1209,18.1,29.2,6121.0,97.3,4968.0,97.0,39.3,7.2,1520,78.6,7.4,77.4,9.2,22.2,8.0,77.2,73.7,8.1,68.03,Rewa
Madhya Pradesh,8.3,47,9.8,29,77.1,10.1,18,65.2,74.0,9.4,9413,5.8,7.3,6091,55.0,8.2,54.9,49.8,6.3,41729,12.73,15.64,15154,27.7,67.0,8003.0,26.8,29.4,5122.0,5.2,2881,18.8,32.9,7608.0,93.5,4902.0,92.7,32.2,8.2,1859,72.4,8.9,70.1,10.6,14.1,8.9,63.4,73.2,9.4,69.37,Sagar
Madhya Pradesh,10.2,60,11.7,43,82.8,11.8,17,74.7,80.7,11.6,15377,11.2,6.3,11330,54.7,6.1,67.1,50.1,6.4,64536,26.59,31.11,17307,28.2,77.4,12397.0,34.5,29.6,9023.0,3.4,3374,18.0,31.8,12019.0,95.0,8762.0,94.2,41.4,9.4,2610,71.1,10.7,67.6,12.6,22.0,10.2,70.7,66.1,10.2,83.37,Satna
Madhya Pradesh,6.3,32,7.4,24,88.0,8.2,8,90.9,86.7,6.5,5273,5.2,6.0,4146,77.6,6.3,83.9,77.5,5.6,28299,22.48,24.26,5841,26.4,82.3,5389.0,48.6,28.0,4259.0,4.3,1130,19.2,27.8,5155.0,95.5,4086.0,94.9,49.4,6.1,1360,84.3,6.2,84.7,8.6,16.3,7.1,78.9,84.7,7.9,66.73,Sehore
Madhya Pradesh,8.4,43,9.2,36,91.0,9.9,7,85.2,90.7,8.5,8142,8.0,7.0,7162,65.1,6.5,74.2,63.5,7.4,35588,21.13,22.29,4476,25.8,82.2,7085.0,26.0,27.6,6209.0,2.6,876,16.8,28.2,6714.0,96.9,5886.0,96.7,31.8,8.1,1444,74.9,8.3,73.2,10.1,9.6,9.0,74.8,75.9,9.6,66.91,Seoni
Madhya Pradesh,9.2,43,10.8,28,83.0,11.3,15,58.2,83.2,10.3,7779,29.7,6.7,5688,48.3,7.1,56.1,50.9,6.3,31323,26.63,30.63,9078,23.8,75.0,6367.0,51.8,25.2,4605.0,8.1,1762,14.2,27.6,6141.0,91.9,4446.0,91.7,46.4,8.8,1111,63.7,9.8,65.4,11.8,24.3,9.6,54.8,58.9,10.0,70.83,Shahdol
Madhya Pradesh,7.6,58,8.1,43,91.0,8.4,15,94.0,91.3,7.8,11788,0.5,7.9,9328,77.4,8.8,87.9,75.0,6.9,54970,17.46,19.0,12443,24.6,82.9,11151.0,64.6,25.5,8687.0,1.9,2464,16.5,25.4,10728.0,97.8,8392.0,98.2,52.0,7.5,2177,84.3,7.4,82.4,8.9,37.3,8.1,83.7,82.7,8.5,56.27,Shajapur
Madhya Pradesh,7.0,42,7.6,32,75.2,7.7,10,69.2,73.1,7.6,10921,4.4,4.7,8996,64.9,5.0,67.0,62.5,4.4,47462,29.11,29.91,9110,22.2,67.0,9249.0,42.8,23.9,7562.0,4.7,1687,15.1,25.2,8985.0,93.6,7364.0,92.7,79.8,6.3,1844,76.8,6.6,75.0,8.6,39.4,7.1,64.8,73.9,7.2,71.67,Sheopur
Madhya Pradesh,9.4,41,9.4,31,82.6,9.6,10,88.1,81.9,9.1,8780,2.1,9.8,7310,64.3,8.7,85.1,61.8,11.0,42071,25.4,25.91,7353,30.7,70.5,7946.0,59.6,32.5,6569.0,2.8,1377,21.2,33.2,7710.0,96.7,6389.0,96.7,60.2,8.7,2125,72.9,8.5,70.2,10.3,33.5,9.5,81.1,79.2,9.5,68.89,Shivpuri
Madhya Pradesh,7.2,35,8.0,28,78.6,8.3,7,56.8,77.5,7.7,8022,27.0,4.1,6820,60.1,3.9,53.3,59.1,4.3,36351,16.43,16.15,5398,25.8,69.8,6748.0,55.8,27.5,5720.0,9.1,1028,18.4,28.6,6615.0,90.1,5598.0,89.0,54.3,6.9,1410,71.7,7.4,71.0,8.7,34.4,7.5,54.0,68.4,7.7,67.21,Sidhi
Madhya Pradesh,7.1,48,7.5,36,59.0,7.4,12,79.8,54.9,7.5,11647,41.5,6.0,9588,31.5,6.3,70.1,27.9,5.7,51857,18.24,19.69,9475,25.9,75.1,10029.0,83.9,27.5,8178.0,5.7,1851,18.8,29.0,9843.0,93.3,8048.0,92.9,52.7,6.7,2111,51.2,7.0,48.5,8.0,42.7,7.1,76.7,53.7,7.2,61.3,Tikamgarh
Madhya Pradesh,5.6,45,7.0,23,92.6,7.5,22,82.4,93.6,6.6,7688,1.1,5.0,4431,81.1,5.6,73.8,82.5,4.2,37391,23.49,24.07,15597,23.6,80.7,7788.0,58.5,25.4,4688.0,2.5,3100,17.5,29.2,7413.0,97.2,4473.0,97.8,57.8,5.7,1670,85.7,6.3,86.0,7.8,27.8,6.2,80.7,82.5,6.7,54.1,Ujjain
Madhya Pradesh,9.2,59,10.3,45,79.0,10.8,14,82.7,77.3,9.7,14813,3.5,9.3,11663,40.8,11.3,77.0,41.1,7.1,60120,16.37,17.43,13139,29.3,79.7,11992.0,57.3,30.8,9408.0,10.9,2584,19.2,32.7,11462.0,87.3,9019.0,86.3,47.8,9.3,2548,61.9,9.5,62.4,11.0,20.4,10.1,80.7,47.6,10.9,59.78,Umaria
Madhya Pradesh,8.8,43,9.8,30,87.6,10.0,13,84.9,86.1,9.5,7945,18.9,7.6,4972,48.9,7.9,79.3,48.7,7.1,37436,16.97,17.86,13204,29.5,86.3,6785.0,45.0,32.0,4295.0,3.2,2490,20.4,35.6,6537.0,96.3,4161.0,95.9,37.1,8.3,1850,64.9,8.6,63.4,10.9,13.8,9.1,80.1,68.4,9.4,65.02,Vidisha
Madhya Pradesh,9.6,100,11.7,78,86.7,13.4,22,81.4,86.7,10.0,22342,4.5,9.1,18756,68.1,10.8,76.5,67.2,7.4,104827,21.94,21.9,16817,25.6,79.2,21419.0,57.6,26.9,18008.0,0.8,3411,14.3,27.8,20461.0,98.6,17271.0,98.5,54.0,10.5,4040,78.8,10.9,78.2,12.6,18.5,11.3,75.4,83.2,12.9,56.45,West Nimar
Odisha,6.6,83,7.5,66,89.83,7.9,17,85.11,90.23,7.0,17406,2.66,5.3,14572,80.85,5.9,74.4,80.57,4.6,74172,12.0,13.0,12375,17.5,86.82,15845.0,57.67,18.3,13143.0,0.92,2702,10.3,18.5,14942.0,98.53,12404.0,98.53,23.67,6.6,2448,92.87,6.9,93.01,8.1,5.95,7.1,87.45,88.7,7.6,48.0,Anugul
Odisha,9.2,60,10.2,50,91.7,10.9,10,79.4,91.56,9.4,11768,4.63,7.3,10710,79.46,8.2,76.36,79.86,6.4,47955,25.0,26.0,4710,20.7,86.54,9490.0,72.51,21.9,8543.0,0.83,947,10.7,22.3,8939.0,98.89,8043.0,98.8,34.9,9.0,1844,88.99,9.1,88.57,11.3,5.58,9.9,86.39,87.38,10.7,97.0,Balangir
Odisha,6.0,79,6.6,66,92.75,7.3,13,85.51,92.62,5.9,15412,2.32,7.2,13725,85.43,8.0,80.23,85.61,6.4,65223,12.0,13.0,7299,18.6,89.82,13856.0,62.84,19.6,12307.0,0.3,1549,12.0,20.1,13162.0,98.42,11684.0,98.34,13.76,6.2,2386,94.86,6.1,94.72,7.1,2.8,6.7,88.56,91.61,7.4,45.0,Baleshwar
Odisha,9.4,84,10.1,74,90.33,10.4,10,85.76,90.12,9.8,20176,6.04,5.8,18658,82.9,6.5,78.38,82.47,5.1,83506,14.0,14.0,6840,17.4,94.01,16848.0,64.77,18.2,15447.0,0.43,1401,7.6,18.2,15762.0,98.94,14467.0,98.86,22.69,9.2,2675,95.82,9.6,95.61,10.6,3.86,9.8,93.0,91.71,10.1,60.0,Bargarh
Odisha,9.9,46,10.6,42,89.77,11.0,4,67.06,89.7,10.1,5802,2.715,5.6,5282,54.33,5.7,64.31,54.29,5.5,24171,12.0,13.0,2257,29.1,73.7,4590.0,80.94,32.0,4191.0,1.47,399,18.8,32.9,4337.0,98.07,3957.0,98.06,32.36,9.2,739,85.28,9.4,85.32,11.7,8.56,10.3,69.52,64.3,10.7,57.0,Baudh
Odisha,7.3,94,8.1,79,90.13,8.8,15,82.48,90.34,7.4,19043,3.04,6.6,17374,83.46,6.6,71.83,83.35,6.7,90758,17.0,18.0,8827,20.2,84.19,18062.0,53.66,21.0,16404.0,0.61,1658,12.3,20.9,17247.0,99.07,15704.0,99.23,18.37,7.5,3345,93.41,7.7,93.61,8.4,1.95,7.9,84.0,90.27,8.5,48.0,Bhadrak
Odisha,6.4,114,7.3,72,89.19,7.5,42,92.0,90.15,7.1,22317,4.84,5.2,17364,60.04,5.8,78.47,63.82,4.6,95013,21.0,24.0,21926,19.4,87.26,18720.0,64.16,20.3,14407.0,0.9,4313,12.6,20.5,17826.0,98.57,13713.0,98.7,13.87,6.3,2322,69.2,6.7,71.3,7.9,1.95,6.8,87.82,85.37,7.1,56.0,Cuttack
Odisha,8.7,52,8.8,46,89.86,8.6,6,77.7,90.74,9.0,7942,2.31,8.8,6855,81.39,11.0,74.88,82.32,6.6,30681,13.0,14.0,4404,18.4,80.29,6397.0,87.04,19.7,5505.0,1.56,892,9.6,20.0,5983.0,97.48,5176.0,97.6,24.4,7.9,1095,90.95,7.8,91.4,9.8,4.7,8.8,78.8,89.32,8.9,60.0,Debagarh
Odisha,10.4,57,10.8,49,88.17,10.7,8,83.86,88.12,10.8,14092,3.94,7.8,13049,74.54,8.9,76.6,73.86,6.7,59809,20.0,20.0,4698,20.6,87.1,12340.0,78.79,21.4,11406.0,0.69,934,10.1,21.9,11682.0,98.78,10791.0,98.73,20.08,9.7,2475,90.67,9.9,90.38,11.6,4.69,10.5,86.34,83.62,10.5,67.0,Dhenkanal
Odisha,7.5,65,7.6,55,87.54,7.7,10,64.07,87.91,7.5,10553,2.82,7.1,9095,48.62,7.6,54.18,47.5,6.7,39319,28.0,28.0,5304,19.9,68.03,7750.0,55.51,21.7,6643.0,2.89,1107,12.4,22.5,7029.0,95.59,6046.0,95.35,57.03,6.8,821,60.13,6.7,59.06,8.6,6.72,7.6,59.26,68.21,7.7,56.0,Gajapati
Odisha,7.6,67,8.5,50,85.6,9.3,17,86.44,84.68,7.7,14175,4.18,7.4,12234,43.06,7.8,75.08,42.41,7.0,61213,21.0,23.0,8557,18.9,86.76,12646.0,61.56,19.9,10913.0,1.17,1733,10.6,20.2,11737.0,97.72,10113.0,97.43,38.52,7.7,1396,64.5,7.8,64.22,9.1,2.44,8.3,85.1,69.79,9.1,56.0,Ganjam
Odisha,6.3,78,7.4,66,92.41,8.2,12,96.57,93.03,6.7,16026,7.3,3.4,14198,58.15,3.3,80.76,57.0,3.6,62868,21.0,22.0,6570,17.6,89.2,11953.0,70.37,18.7,10607.0,0.19,1346,10.7,19.0,11514.0,99.63,10202.0,99.59,9.88,6.4,1352,68.63,6.8,67.63,8.0,1.72,7.0,91.68,82.79,7.6,48.0,Jagatsinghapur
Odisha,7.1,74,7.7,69,89.93,8.2,5,88.52,89.94,7.2,17509,2.715,6.6,16757,82.94,8.2,78.84,82.75,5.0,78688,11.0,11.0,3385,17.8,89.38,15698.0,64.23,18.7,15032.0,0.6,666,10.2,18.9,14890.0,98.79,14267.0,98.88,21.99,7.2,2688,94.0,7.2,94.02,8.2,3.12,7.6,89.34,91.0,8.2,48.0,Jajapur
Odisha,7.3,213,9.0,113,92.78,9.9,100,86.88,93.83,8.1,41734,2.97,6.3,27681,84.27,6.7,75.36,85.17,5.9,175022,8.0,6.0,61477,16.9,91.79,34890.0,58.42,17.4,22402.0,0.4,12488,8.9,17.1,32360.0,99.19,20752.0,99.07,22.37,7.7,5732,94.26,8.6,94.67,9.4,3.3,8.0,91.67,89.26,8.6,42.0,Jharsuguda
Odisha,6.0,45,7.0,40,87.45,7.8,5,65.28,86.69,6.1,12307,2.715,4.4,11161,42.11,3.9,58.1,41.05,4.9,45083,23.0,24.0,4505,19.9,65.74,9261.0,79.77,21.6,8296.0,1.07,965,13.2,21.7,8852.0,97.49,7931.0,97.35,49.98,6.0,1155,59.41,6.3,58.94,7.7,9.07,6.7,63.4,71.93,7.4,54.0,Kalahandi
Odisha,8.6,61,9.3,54,92.72,9.6,7,79.3,92.87,8.9,9708,0.88,6.1,8607,40.85,6.3,77.61,40.83,5.8,37118,43.0,45.0,4692,21.1,83.85,7112.0,79.49,23.2,6186.0,0.38,926,12.1,23.9,6518.0,99.25,5665.0,99.28,41.7,8.0,827,50.43,8.2,49.9,10.3,9.1,9.0,80.76,73.62,9.3,82.0,Kandhamal
Odisha,8.3,74,8.9,67,92.77,9.5,7,81.26,92.42,8.4,15506,4.82,7.0,14513,87.45,7.3,70.56,86.93,6.7,67621,15.0,16.0,4483,18.3,87.15,13295.0,69.49,19.3,12424.0,0.16,871,9.5,19.6,12710.0,99.13,11870.0,99.08,18.39,8.3,1980,94.94,8.4,94.78,9.5,1.66,8.8,88.19,94.16,9.4,58.0,Kendrapara
Odisha,8.7,97,9.6,78,88.41,10.0,19,72.58,88.56,9.2,15687,2.8,7.5,12590,78.54,8.6,68.46,78.38,6.4,69999,11.0,12.0,14010,20.4,73.87,14473.0,85.93,21.6,11523.0,1.08,2950,11.1,22.2,13497.0,97.33,10777.0,97.31,28.94,8.6,2797,92.13,9.0,91.99,10.2,7.87,9.2,72.97,86.8,9.7,53.0,Kendujhar
Odisha,8.0,226,9.3,105,86.69,9.6,121,93.95,88.31,8.9,44963,2.77,6.9,24084,60.09,6.9,79.38,62.79,6.9,192676,25.0,24.0,83622,18.7,88.61,39236.0,57.22,19.5,21350.0,0.81,17886,10.5,20.8,37453.0,98.33,20387.0,98.9,11.51,7.9,4008,72.94,8.7,75.78,9.8,2.55,8.2,88.14,80.08,8.4,67.0,Khordha
Odisha,7.0,45,8.2,34,81.76,9.2,11,49.7,80.25,7.3,8975,7.22,5.6,7420,51.65,5.8,47.89,55.61,5.4,35559,17.0,17.0,6197,24.8,62.07,7326.0,43.97,26.9,6011.0,1.24,1315,17.1,27.8,6735.0,96.73,5542.0,96.9,76.24,6.8,1352,76.89,7.0,78.33,9.4,25.65,7.8,49.26,71.35,8.6,48.0,Koraput
Odisha,6.4,61,7.4,54,81.39,8.2,7,51.64,80.87,6.6,14183,7.89,3.9,12832,29.64,4.2,49.85,29.01,3.6,59733,16.0,17.0,5418,24.3,50.32,12637.0,31.07,26.0,11473.0,1.96,1164,17.2,26.6,11785.0,96.1,10720.0,95.96,71.96,6.4,1731,45.95,6.7,45.96,8.2,23.7,7.1,50.02,50.7,7.9,48.0,Malkangiri
Odisha,7.5,69,8.5,61,90.29,9.5,8,78.93,90.3,7.6,11756,0.6,8.3,10732,79.67,10.6,77.73,79.27,6.0,49325,12.0,12.0,4370,19.7,84.37,10111.0,91.48,20.7,9186.0,0.32,925,11.2,21.2,9294.0,97.83,8450.0,97.76,46.1,7.9,1793,90.14,7.9,89.86,9.2,7.55,8.5,83.58,87.33,9.6,47.0,Mayurbhanj
Odisha,6.4,39,7.8,35,86.57,9.0,4,52.38,86.26,6.5,12309,2.715,5.0,11668,50.43,5.8,49.83,49.33,4.1,50005,21.0,21.0,2472,24.3,60.55,10345.0,30.68,25.5,9813.0,2.65,532,16.6,26.0,9714.0,95.75,9228.0,95.62,73.34,7.2,1235,77.27,7.3,76.86,8.3,25.78,7.7,55.77,64.98,8.9,50.0,Nabarangapur
Odisha,8.4,39,9.0,35,88.84,9.5,4,69.7,88.38,8.5,10153,2.715,6.7,9669,46.06,8.0,63.11,45.19,5.4,40581,24.0,24.0,1938,22.2,72.31,7590.0,85.3,21.7,7199.0,1.46,391,14.9,22.1,7245.0,97.37,6876.0,97.34,55.23,8.3,1116,58.44,8.4,57.6,9.6,11.2,8.9,69.88,64.03,9.4,60.0,Nuapada
Odisha,7.2,75,7.5,70,90.21,7.7,5,88.98,90.61,7.3,17973,2.715,5.1,17274,54.81,4.9,78.79,54.97,5.3,65190,18.0,18.0,2460,20.3,85.51,13619.0,72.01,23.8,13085.0,0.77,534,11.4,24.3,13009.0,98.6,12512.0,98.56,12.28,6.8,1709,71.34,6.9,71.13,8.1,3.25,7.4,85.02,79.44,7.5,49.0,Nayagarh
Odisha,8.3,91,9.0,73,90.39,9.5,18,95.48,90.39,8.6,18552,4.93,7.2,15611,46.79,7.8,83.89,48.89,6.6,81246,34.0,37.0,12670,17.3,88.38,16114.0,66.98,18.2,13481.0,0.46,2633,8.6,18.2,15449.0,99.03,12957.0,98.93,13.74,8.2,1679,60.49,8.4,61.25,9.7,1.99,8.7,89.64,81.52,9.2,75.0,Puri
Odisha,7.7,54,8.6,43,82.82,9.4,11,58.1,83.73,7.8,9370,0.58,7.7,7481,34.89,8.3,51.62,35.82,7.0,35464,30.0,31.0,7300,22.5,69.07,7290.0,49.7,24.3,5743.0,0.77,1547,14.1,25.7,6549.0,98.3,5130.0,98.39,65.66,7.5,764,43.76,7.5,44.75,9.7,12.44,8.4,58.07,55.58,9.2,58.0,Rayagada
Odisha,8.1,60,10.1,38,87.18,10.6,22,79.88,89.46,9.5,11348,2.52,7.6,6995,78.46,9.3,72.84,79.75,5.8,47946,15.0,17.0,19145,18.6,86.43,9668.0,79.78,19.7,5747.0,0.75,3921,9.5,20.6,8855.0,98.93,5261.0,99.05,27.25,8.4,1797,93.72,9.2,93.67,10.9,5.33,9.1,83.42,85.25,10.1,47.0,Sambalpur
Odisha,7.5,73,7.6,65,90.45,7.6,8,82.75,91.07,7.6,14937,1.97,6.2,13937,69.66,6.5,79.15,70.1,6.0,59949,15.0,15.0,3948,20.6,88.54,10774.0,83.24,21.8,10046.0,0.51,728,13.1,21.9,10224.0,98.55,9532.0,98.46,22.7,7.0,1538,79.0,7.0,79.41,8.2,3.56,7.5,86.24,84.89,7.6,49.0,Sonapur
Odisha,6.1,89,8.5,49,92.63,9.5,40,77.9,91.95,7.4,15383,2.39,4.6,10785,82.95,5.7,72.81,80.1,3.4,66906,14.0,17.0,19788,17.8,84.42,12915.0,80.5,18.8,8882.0,0.87,4033,10.5,20.1,12049.0,98.36,8250.0,98.12,31.18,6.7,2169,89.7,7.8,87.07,9.2,5.69,7.2,78.32,91.11,8.2,47.0,Sundargarh
Rajasthan,5.5,69,6.5,34,90.8,7.2,35,71.6,91.0,5.7,12661,2.4,5.9,8595,85.4,6.6,51.8,84.5,5.2,62077,19.0,19.0,19093,23.3,77.1,12334.0,46.3,24.6,8621.0,5.8,3713,17.0,27.1,11728.0,93.3,8184.0,93.2,31.1,5.9,1836,90.4,6.0,90.3,6.9,30.9,6.3,68.9,89.6,7.0,50.0,Ajmer
Rajasthan,5.2,61,5.8,48,89.8,6.3,13,83.4,89.6,5.3,12531,6.4,5.5,10883,84.4,6.3,67.2,83.7,4.6,63431,19.0,19.0,7393,22.3,83.7,12264.0,45.9,23.8,10875.0,5.8,1389,16.5,24.3,11869.0,93.8,10528.0,93.4,49.2,5.3,1635,89.8,5.4,89.0,6.3,28.9,5.8,79.8,90.4,6.3,52.0,Alwar
Rajasthan,6.6,44,7.3,39,90.2,7.9,5,83.0,90.0,6.8,10056,6.85,5.2,9575,84.8,7.1,74.2,84.6,3.2,50613,21.0,21.0,2193,30.0,85.2,9558.0,43.0,31.4,9088.0,4.6,470,22.8,32.2,9241.0,91.3,8789.0,90.9,72.2,6.7,2142,88.1,6.8,87.8,7.9,33.8,7.2,78.2,88.1,7.8,57.0,Banswara
Rajasthan,5.9,52,6.8,39,85.2,7.4,13,93.0,85.1,6.2,9597,4.7,4.3,8159,79.3,4.4,85.4,79.0,4.1,47071,20.0,19.0,6905,24.9,92.2,9170.0,49.9,25.9,7851.0,1.6,1319,18.5,27.1,8759.0,97.2,7516.0,96.6,55.0,5.9,2050,87.4,6.3,86.7,7.3,27.2,6.4,90.3,85.2,6.9,55.0,Baran
Rajasthan,5.9,57,6.3,50,67.1,6.6,7,44.7,66.0,5.9,9989,14.4,5.8,9243,62.1,5.7,38.2,61.7,5.8,56230,17.0,17.0,4392,31.8,59.4,10443.0,62.5,33.6,9592.0,18.2,851,25.5,34.1,10152.0,76.0,9323.0,74.9,73.0,5.8,2801,66.4,5.8,66.0,6.8,25.5,6.2,56.4,64.9,6.6,70.0,Barmer
Rajasthan,5.2,76,5.8,55,90.1,6.2,21,73.9,90.5,5.3,15455,7.4,5.4,13262,84.8,5.9,61.7,85.1,4.8,82195,12.0,12.0,11255,23.0,84.5,14650.0,25.9,24.6,12622.0,5.1,2028,17.4,25.4,14244.0,94.1,12277.0,94.3,47.1,5.2,2414,89.1,5.3,89.3,6.2,23.8,5.7,77.9,89.8,6.1,49.0,Bharatpur
Rajasthan,6.4,41,7.6,29,83.1,8.3,12,68.1,81.9,6.8,7055,9.4,5.6,6073,68.0,6.3,55.1,65.2,4.9,34011,17.0,19.0,5156,22.0,78.3,7473.0,40.3,23.5,6369.0,5.6,1104,14.8,24.6,7061.0,91.8,6011.0,90.2,69.7,6.5,984,70.9,6.8,67.8,8.4,49.9,7.2,71.3,75.9,7.9,64.0,Bhilwara
Rajasthan,5.6,57,6.7,31,84.6,7.3,26,55.6,81.9,6.0,8976,5.0,5.2,6098,78.9,5.5,48.5,76.5,4.9,47043,15.0,19.0,14219,24.1,71.0,8960.0,55.1,25.7,6142.0,9.9,2818,18.0,27.7,8692.0,89.0,5979.0,86.3,63.7,5.4,1032,83.5,5.8,81.3,7.6,17.7,6.1,58.0,82.7,6.6,47.0,Bikaner
Rajasthan,7.1,56,7.9,41,80.7,8.5,15,84.9,78.6,7.3,10779,12.0,6.6,8730,64.0,6.6,78.0,61.4,6.7,51903,18.0,20.0,9780,22.9,89.1,10984.0,53.2,24.0,8994.0,2.2,1990,15.3,25.4,10457.0,95.5,8574.0,94.6,58.3,7.0,1937,73.9,7.3,71.1,8.6,38.6,7.6,83.6,69.9,8.1,65.0,Bundi
Rajasthan,4.5,56,6.1,43,80.4,7.3,13,82.7,78.8,4.8,9878,7.3,3.8,8386,70.5,4.4,75.2,69.0,3.3,46014,16.0,18.0,7000,20.8,83.9,10065.0,52.0,21.9,8621.0,4.2,1444,15.2,22.9,9512.0,92.8,8149.0,91.6,64.6,5.1,1246,75.4,5.5,72.7,6.7,40.4,5.7,80.7,74.8,6.8,63.0,Chittaurgarh
Rajasthan,5.3,51,6.0,32,88.9,6.9,19,69.0,88.7,5.1,9179,1.1,5.8,7609,81.5,5.9,57.9,80.6,5.8,50031,18.0,20.0,8538,23.0,72.8,10085.0,50.1,24.5,8393.0,7.2,1692,17.0,25.6,9858.0,91.9,8217.0,91.5,53.4,5.4,1208,87.1,5.5,86.5,6.6,30.8,6.0,70.4,85.8,6.6,48.0,Churu
Rajasthan,6.4,45,6.8,38,89.2,7.2,7,85.7,89.4,6.4,11573,4.3,6.3,10793,83.1,5.8,57.3,82.9,6.7,56247,22.0,23.0,3908,21.8,87.5,10486.0,38.2,22.6,9781.0,3.5,705,15.1,22.8,10193.0,96.1,9514.0,96.1,47.4,6.2,1695,86.8,6.3,86.7,7.3,41.4,6.7,81.0,86.9,7.1,53.0,Dausa
Rajasthan,5.5,42,6.4,31,75.6,6.7,11,79.2,76.1,6.2,7200,16.6,4.3,5828,45.2,5.1,71.2,43.4,3.5,41839,21.0,22.0,8348,28.6,78.4,7334.0,40.4,29.9,5869.0,3.0,1465,22.7,31.5,7010.0,93.4,5602.0,93.4,69.6,5.5,1814,57.9,6.0,56.4,6.9,32.6,5.9,76.1,55.4,6.3,58.0,Dhaulpur
Rajasthan,5.8,64,6.6,57,85.2,7.3,7,72.2,84.8,6.0,16102,8.0,5.4,15134,79.6,6.7,62.8,79.0,4.1,79867,23.0,23.0,4621,27.4,74.7,15486.0,42.5,28.6,14503.0,4.9,983,20.8,29.4,14761.0,91.3,13825.0,90.7,68.5,6.2,3044,83.2,6.3,82.6,7.0,28.0,6.6,66.7,82.8,7.3,63.0,Dungarpur
Rajasthan,6.1,88,6.2,57,93.9,6.2,31,84.2,93.3,6.3,13682,5.6,5.9,9839,85.6,6.1,63.6,84.5,5.8,63722,18.0,18.0,17273,22.1,89.8,12568.0,54.2,23.2,9098.0,1.8,3470,15.9,24.6,12081.0,97.8,8778.0,98.1,44.9,5.6,1267,88.9,5.7,88.2,6.8,11.3,6.2,87.9,93.8,6.2,52.0,Ganganagar
Rajasthan,5.5,58,6.2,42,94.0,6.6,16,70.0,93.9,5.6,11394,1.0,5.7,9838,92.1,6.3,45.5,92.4,5.1,56623,16.0,17.0,7543,22.9,87.0,11028.0,50.1,24.8,9590.0,2.5,1438,16.8,25.5,10624.0,97.5,9254.0,97.6,48.9,5.4,1014,96.1,5.5,96.8,6.9,18.8,6.1,83.5,94.8,6.6,45.0,Hanumangarh
Rajasthan,5.2,82,5.9,33,90.8,6.5,49,92.1,87.7,5.2,13538,4.7,5.5,7023,81.1,5.8,64.0,76.1,5.1,67309,15.0,22.0,29934,22.5,88.8,13335.0,52.1,23.7,7435.0,3.9,5900,16.9,24.6,12882.0,95.5,7180.0,94.2,48.1,5.2,1520,86.4,5.2,82.4,6.6,21.0,5.7,85.0,86.2,6.1,50.0,Jaipur
Rajasthan,5.6,48,6.8,37,78.4,7.7,11,37.8,76.9,5.7,7463,2.1,5.5,6143,73.9,5.9,34.2,72.7,5.1,39634,22.0,23.0,6280,23.9,51.6,7004.0,71.8,25.7,5739.0,9.3,1265,17.3,26.5,6833.0,88.0,5601.0,86.0,59.0,5.8,965,81.7,5.8,80.9,7.7,21.9,6.6,40.9,83.5,7.4,50.0,Jaisalmer
Rajasthan,6.3,56,7.4,49,70.2,8.5,7,59.3,69.3,6.5,13963,5.8,5.8,13191,65.7,6.6,37.7,65.3,4.9,72994,20.0,20.0,3998,27.1,69.7,13989.0,56.1,28.5,13204.0,8.0,785,19.8,29.3,13524.0,79.2,12769.0,78.9,75.2,6.7,3468,73.4,6.8,72.9,8.1,25.5,7.3,65.8,72.3,8.3,72.0,Jalor
Rajasthan,6.7,56,8.0,44,77.2,8.8,12,83.0,76.2,7.0,9564,8.7,5.6,8103,66.4,6.1,74.1,66.0,5.0,46561,17.0,18.0,7092,24.6,89.1,9844.0,48.0,26.0,8465.0,3.0,1379,17.0,27.2,9353.0,94.9,8063.0,94.4,69.2,7.0,1728,77.1,7.3,75.8,8.6,33.8,7.6,83.9,77.0,8.4,63.0,Jhalawar
Rajasthan,5.0,84,5.9,60,86.6,6.7,24,89.6,88.3,5.0,21572,1.3,5.1,18338,79.5,5.3,48.1,82.7,4.9,102887,12.0,13.0,16179,22.8,91.6,21214.0,31.7,23.9,17962.0,3.6,3252,17.1,25.0,20552.0,95.9,17373.0,97.7,26.7,5.3,2524,90.0,5.5,92.2,6.3,11.9,5.7,86.5,87.5,6.4,48.0,Jhunjhunun
Rajasthan,5.5,66,6.0,37,79.5,6.3,29,59.1,74.5,5.7,12981,4.6,6.1,9939,73.8,7.0,46.9,68.2,5.1,67124,17.0,19.0,14721,23.5,68.1,13027.0,61.7,24.6,9986.0,16.1,3041,17.5,25.1,12636.0,82.9,9715.0,77.5,69.8,5.5,1455,78.8,5.3,73.0,6.7,24.3,6.0,55.4,77.9,6.5,46.0,Jodhpur
Rajasthan,6.1,32,6.7,25,77.7,6.7,7,85.2,76.5,6.8,6492,9.3,4.7,5562,39.8,6.1,72.3,37.0,3.2,34118,25.0,25.0,4919,26.8,84.2,6226.0,43.7,28.8,5327.0,2.4,899,20.5,30.4,5972.0,93.8,5113.0,92.9,75.0,5.6,1407,71.1,6.1,68.6,7.3,39.4,6.3,84.1,44.7,6.5,69.0,Karauli
Rajasthan,5.2,68,7.0,25,88.3,6.8,43,80.5,89.1,7.3,9148,9.0,4.3,4762,80.7,5.1,65.4,79.2,3.5,43845,12.0,16.0,20515,21.6,86.8,8790.0,42.1,22.9,4622.0,1.3,4168,16.0,25.8,8320.0,97.6,4394.0,97.3,53.1,5.0,1534,86.7,6.1,85.1,7.9,13.2,5.6,78.8,86.6,5.9,36.0,Kota
Rajasthan,5.6,66,6.4,50,91.4,7.1,16,82.6,92.1,5.7,13929,0.9,5.5,12546,84.1,5.7,69.7,84.1,5.3,76264,13.0,13.0,7850,23.0,77.8,14828.0,72.9,24.1,13350.0,5.4,1478,16.8,24.3,14237.0,94.1,12820.0,94.9,52.0,5.8,1591,89.3,5.9,89.4,6.9,32.2,6.3,76.1,88.5,6.8,52.0,Nagaur
Rajasthan,5.7,64,7.3,45,74.2,8.6,19,70.8,73.3,6.1,14276,9.2,4.9,12110,65.1,5.2,60.3,66.3,4.5,68494,15.0,15.0,10850,22.7,77.3,13429.0,52.5,24.2,11213.0,6.8,2216,15.9,25.7,12754.0,91.1,10608.0,89.9,61.8,6.2,2167,71.3,6.7,71.3,7.9,27.7,6.8,71.2,73.5,7.8,54.0,Pali
Rajasthan,7.2,38,8.8,31,82.6,9.9,7,76.1,81.9,7.7,9546,11.1,4.6,8438,65.0,5.2,66.9,63.7,4.0,44537,21.0,23.0,5344,27.1,76.1,9511.0,53.5,28.7,8425.0,5.9,1086,18.9,30.3,8961.0,91.1,7934.0,90.2,50.3,7.6,1556,71.8,8.1,70.1,9.5,38.2,8.2,72.0,72.2,9.2,59.0,Rajsamand
Rajasthan,6.5,34,7.9,25,72.7,8.5,9,82.1,72.8,7.3,6347,9.9,4.7,5185,49.0,5.6,66.8,47.7,3.8,32486,19.0,20.0,6147,26.8,80.5,6182.0,37.7,28.8,5025.0,3.1,1157,19.6,31.1,5968.0,91.8,4852.0,91.3,69.5,6.3,1367,60.6,7.0,60.2,8.9,37.0,7.1,77.1,56.4,7.8,67.0,Sawai Madhopur
Rajasthan,5.4,81,6.0,58,92.6,6.3,23,84.7,93.1,5.6,16374,5.2,5.2,14046,85.5,5.4,48.9,86.8,4.9,86858,19.0,19.0,12357,23.1,85.1,17386.0,35.2,24.1,14919.0,4.8,2467,17.4,24.8,16911.0,94.9,14512.0,95.6,31.5,5.3,1777,90.0,5.5,91.5,6.4,21.9,5.8,80.5,89.9,6.1,50.0,Sikar
Rajasthan,6.3,52,7.3,39,73.8,8.1,13,81.9,72.7,6.5,11466,7.3,5.5,10382,66.0,5.8,57.4,64.9,5.1,56009,21.0,22.0,5325,23.8,84.6,10930.0,38.5,25.1,9892.0,7.0,1038,16.7,26.6,10364.0,86.7,9378.0,85.7,71.5,6.5,2088,69.0,6.7,67.8,8.0,20.3,7.0,81.1,70.2,7.8,65.0,Sirohi
Rajasthan,7.2,55,8.4,39,75.5,8.7,16,80.5,73.6,8.1,12031,30.5,4.4,10063,53.7,4.7,65.8,48.7,4.2,61700,18.0,21.0,10973,22.7,79.9,12976.0,55.3,23.9,10794.0,3.0,2182,15.2,24.3,12402.0,95.3,10319.0,94.6,58.7,6.8,2137,63.7,7.6,58.6,9.3,41.6,7.5,75.9,60.4,7.8,57.0,Tonk
Rajasthan,7.2,42,9.1,31,85.0,10.2,11,65.3,82.4,8.0,7874,11.0,5.7,6430,81.9,6.6,58.8,79.8,4.7,38379,21.0,23.0,6998,28.8,66.9,7696.0,53.1,30.5,6212.0,4.9,1484,20.6,33.2,7366.0,90.2,5966.0,88.4,71.3,7.5,1828,87.3,8.2,85.9,10.1,31.9,8.3,55.7,85.1,9.3,63.0,Udaipur
Uttar Pradesh,6.23,96,7.21,44,64.51,7.4,52,68.07,62.72,7.0,20911,3.93,6.1,12354,44.28,6.61,36.92,42.7,5.51,125614,16.73,17.2,50065,23.39,81.4,22161.0,54.83,24.27,13372.0,3.76,8789,16.75,26.42,21273.0,90.73,12917.0,89.87,44.56,6.19,5658,53.53,6.6,51.43,7.82,18.48,6.64,78.07,52.16,6.99,51.4,Agra
Uttar Pradesh,6.82,46,8.48,28,67.55,8.66,18,55.95,65.64,8.28,8844,4.92,5.51,6498,53.63,7.08,34.42,51.19,3.77,52583,19.33,22.42,14981,25.99,88.54,8743.0,67.0,27.26,6406.0,1.55,2337,18.48,29.47,8350.0,92.99,6134.0,92.43,47.59,6.88,2010,64.2,7.69,61.36,9.27,15.8,7.51,85.77,63.72,8.14,70.04,Aligarh
Uttar Pradesh,7.87,54,9.36,36,61.61,10.42,18,55.7,60.89,8.35,11563,17.61,7.38,9098,54.88,8.49,39.93,54.29,6.21,61029,21.81,23.4,12357,25.14,94.75,11068.0,69.06,27.02,8852.0,10.63,2216,16.24,29.83,10603.0,77.08,8513.0,77.3,55.06,8.39,2954,62.0,8.83,61.39,9.9,9.44,8.9,92.48,60.93,9.95,81.41,Allahabad
Uttar Pradesh,7.7,36,9.01,31,67.98,10.52,5,65.23,67.85,7.7,7923,6.29,7.93,7311,63.67,7.93,49.62,63.48,7.9,44698,16.37,16.53,3447,23.96,77.67,8085.0,57.72,25.6,7471.0,11.86,614,15.04,25.93,7794.0,82.32,7203.0,82.2,49.75,8.21,1894,71.92,8.24,72.0,9.79,14.78,8.93,75.39,69.94,10.31,63.16,Ambedkar Nagar
Uttar Pradesh,7.87,88,9.02,71,60.19,9.7,17,50.76,60.7,8.23,21590,15.22,6.83,18312,46.25,7.41,40.77,46.92,6.18,107619,17.67,19.11,16462,23.92,60.5,17882.0,59.8,24.88,15017.0,11.41,2865,15.29,25.85,17244.0,84.91,14504.0,85.66,35.91,8.21,3627,60.19,8.56,61.02,9.47,13.1,8.63,68.3,59.52,9.3,58.45,Auraiya
Uttar Pradesh,8.21,83,9.5,73,62.56,10.63,10,67.75,62.56,8.48,16962,18.69,5.79,15675,56.68,6.39,43.59,56.53,5.21,103165,16.76,16.21,7721,24.0,84.72,18127.0,56.84,25.27,16847.0,8.34,1280,14.82,25.78,17543.0,84.07,16303.0,84.07,46.84,8.55,4429,68.66,8.85,68.44,10.15,12.78,9.18,83.44,67.19,10.26,74.19,Azamgarh
Uttar Pradesh,8.67,72,9.04,52,83.01,9.74,20,68.41,84.36,8.23,15648,6.75,11.33,13538,75.02,12.16,34.06,76.36,10.33,95759,17.15,18.71,13310,22.11,89.89,15931.0,58.49,23.07,13808.0,2.58,2123,12.58,23.55,15274.0,95.4,13243.0,96.15,35.63,9.0,3848,82.13,8.56,83.28,9.51,10.73,9.53,88.79,81.99,10.27,52.24,Baghpat
Uttar Pradesh,7.85,76,8.04,65,47.08,8.07,11,32.17,46.18,8.0,22906,6.85,6.28,21749,27.47,6.77,26.91,26.86,5.74,121402,22.26,22.18,6947,31.98,70.36,21397.0,48.44,33.06,20275.0,8.19,1122,24.06,33.87,20672.0,83.25,19602.0,83.08,76.89,7.48,6887,36.91,7.59,36.23,8.48,36.61,7.92,81.57,43.59,7.99,66.49,Bahraich
Uttar Pradesh,7.77,56,8.39,47,78.67,8.67,9,56.33,79.21,8.11,15606,7.07,6.08,14265,71.03,7.15,38.61,71.54,4.88,87623,16.5,16.1,7479,24.27,79.99,14713.0,67.04,25.77,13511.0,5.09,1202,16.14,26.75,14210.0,89.08,13053.0,89.21,45.32,7.63,3076,79.55,7.86,79.48,8.91,15.52,8.13,79.8,76.52,8.49,68.8,Ballia
Uttar Pradesh,10.3,32,10.47,28,42.92,10.67,4,29.26,42.16,10.3,7315,6.29,9.55,7044,36.4,9.16,23.72,35.5,9.9,42016,27.21,26.39,1598,35.37,89.27,7615.0,52.97,38.04,7359.0,27.46,256,24.94,38.64,7426.0,62.39,7186.0,61.95,75.29,9.59,2708,45.32,9.61,44.52,11.33,34.1,10.43,86.51,44.07,10.59,87.11,Balrampur
Uttar Pradesh,8.8,47,9.17,40,76.82,9.56,7,72.71,75.03,8.75,11915,6.59,9.19,10974,43.58,9.31,66.92,40.28,9.05,59266,19.56,17.76,4472,27.42,70.49,10018.0,72.14,28.71,9207.0,3.19,811,18.24,29.65,9620.0,95.08,8855.0,94.23,58.19,8.41,3296,60.36,8.5,56.75,9.84,13.34,9.17,68.78,55.77,9.52,55.25,Banda
Uttar Pradesh,7.77,46,7.89,39,74.51,7.91,7,59.48,74.12,7.87,11232,0.5,4.93,10594,43.91,3.56,50.46,42.2,6.52,58722,16.08,16.28,3761,25.46,57.16,9735.0,48.51,26.44,9149.0,7.11,586,17.79,26.86,9388.0,92.55,8835.0,92.44,60.86,7.12,2704,53.71,7.31,52.25,8.47,24.44,7.66,66.6,68.3,7.57,67.83,Barabanki
Uttar Pradesh,8.73,67,9.39,38,54.05,9.3,29,43.19,52.78,9.49,13678,8.38,7.38,9155,41.38,7.36,25.29,39.1,7.4,78492,26.38,30.09,25596,25.86,76.7,12703.0,70.75,26.93,8489.0,4.32,4214,17.2,30.02,12151.0,84.28,8199.0,82.96,68.83,8.08,3618,54.47,8.68,52.51,10.1,18.46,8.66,73.64,53.82,8.6,78.01,Bareilly
Uttar Pradesh,11.5,55,11.46,50,72.46,12.42,5,54.54,72.07,10.6,8393,6.29,5.93,7678,66.23,6.82,47.44,65.71,5.0,48055,20.39,20.77,3984,26.97,90.6,8409.0,75.32,28.63,7715.0,6.6,694,15.89,29.58,8099.0,86.34,7425.0,85.99,54.47,10.15,2132,74.12,10.45,73.65,12.46,22.27,11.08,89.94,73.28,12.0,80.78,Basti
Uttar Pradesh,7.39,46,8.27,31,77.77,8.69,15,57.74,77.29,7.82,8748,4.7,5.77,6962,69.22,5.63,27.78,68.84,5.92,49416,14.09,13.48,10351,23.79,87.74,8164.0,64.8,25.34,6514.0,3.1,1650,16.09,26.08,7805.0,92.69,6253.0,92.31,47.71,6.98,2011,76.79,7.41,76.52,9.12,6.5,7.7,83.5,76.19,7.99,61.52,Bijnor
Uttar Pradesh,9.19,39,9.67,29,47.01,9.65,10,49.11,47.12,9.69,8999,8.15,7.65,7710,30.65,8.29,37.07,30.67,7.0,51993,19.15,20.77,7505,30.51,62.54,8673.0,71.93,32.06,7388.0,5.19,1285,21.2,32.3,8326.0,83.46,7099.0,83.08,71.34,8.34,2895,47.23,8.71,46.87,10.63,39.67,9.3,60.65,45.71,9.41,84.28,Budaun
Uttar Pradesh,8.93,44,10.04,30,70.91,10.24,14,49.91,71.05,9.81,10578,6.18,6.68,7846,52.35,6.21,29.16,52.11,7.2,59473,19.98,16.94,15865,26.05,91.42,10229.0,65.42,27.4,7507.0,2.0,2722,17.14,28.09,9787.0,91.36,7185.0,92.54,46.68,8.27,2601,64.97,9.35,64.5,10.73,11.31,8.91,88.78,64.92,8.89,67.87,Bulandshahar
Uttar Pradesh,8.87,70,9.47,59,65.62,9.93,11,60.84,65.95,9.01,15936,21.49,8.88,14482,60.2,10.1,42.43,60.36,7.58,92389,21.13,21.16,8192,26.11,89.86,17283.0,73.0,27.58,15865.0,9.39,1418,16.7,28.26,16753.0,84.1,15399.0,84.43,41.57,8.84,3492,71.41,8.89,71.68,10.06,29.17,9.41,89.21,70.31,9.95,77.03,Chandauli
Uttar Pradesh,8.55,66,8.87,56,62.34,8.93,10,64.44,61.59,8.81,16937,6.18,6.54,15538,48.05,6.83,57.74,47.15,6.22,88832,22.29,22.11,6943,24.59,62.11,14998.0,43.58,25.87,13786.0,5.43,1212,15.96,26.95,14481.0,92.36,13336.0,91.96,64.44,8.1,3732,66.63,8.33,65.93,9.42,20.88,8.64,71.6,61.69,8.71,67.32,Chitrakoot
Uttar Pradesh,9.11,60,10.31,52,70.36,11.59,8,64.47,71.3,9.22,11641,11.49,9.38,10620,66.35,10.52,50.88,67.15,8.34,65914,16.05,15.71,5450,25.73,86.36,11974.0,63.18,27.05,10990.0,8.07,984,15.54,27.72,11616.0,86.84,10667.0,86.68,48.73,9.63,2827,76.61,9.73,77.39,10.88,11.44,10.19,85.61,75.67,11.45,69.76,Deoria
Uttar Pradesh,7.17,45,8.03,34,56.39,8.95,11,54.12,53.46,6.98,9054,2.99,7.39,8078,39.96,6.63,39.73,36.96,8.25,52944,18.14,19.1,5621,27.61,73.72,8662.0,74.62,29.27,7684.0,3.01,978,19.68,30.43,8322.0,88.45,7398.0,87.75,51.41,7.33,2755,54.39,7.39,52.12,8.67,24.65,7.93,70.73,53.04,8.61,66.55,Etah
Uttar Pradesh,7.95,66,8.61,45,75.72,8.95,21,59.21,72.69,8.22,16067,6.09,7.03,12867,57.98,7.05,49.95,54.6,7.01,76793,14.93,15.76,14867,22.64,63.26,13043.0,41.22,23.46,10541.0,7.28,2502,14.38,24.73,12588.0,91.28,10169.0,90.93,35.23,7.68,3061,72.74,7.94,69.85,9.29,14.08,8.26,57.12,69.16,8.52,55.93,Etawah
Uttar Pradesh,9.7,50,10.84,40,70.97,11.88,10,65.61,70.57,9.84,12075,22.63,8.48,10875,66.32,8.3,54.94,65.67,8.69,62219,23.3,23.42,6262,24.28,92.37,11335.0,61.28,26.17,10275.0,6.66,1060,13.75,27.34,10841.0,86.67,9833.0,86.6,45.89,9.84,2487,74.14,10.12,73.68,11.56,14.95,10.54,91.2,71.96,11.39,88.26,Faizabad
Uttar Pradesh,7.13,37,7.93,29,59.14,8.06,8,36.02,55.66,7.78,10364,8.1,6.51,8935,44.13,7.47,27.93,40.81,5.44,54111,23.18,24.29,7428,26.0,48.08,8992.0,48.72,27.6,7776.0,13.18,1216,18.46,29.67,8624.0,83.56,7496.0,81.82,53.52,6.92,2567,58.2,7.24,55.51,8.62,15.71,7.54,51.41,57.54,7.9,77.61,Farrukhabad
Uttar Pradesh,6.45,46,7.34,39,70.68,8.0,7,57.56,70.4,6.63,11582,4.81,5.52,10522,51.47,6.03,47.76,50.4,4.97,60209,16.26,16.58,5293,22.87,59.27,9722.0,43.63,23.94,8831.0,5.78,891,15.73,24.39,9268.0,91.08,8441.0,90.87,51.02,6.62,2382,65.53,6.78,65.1,7.91,9.12,7.14,62.29,65.48,7.78,54.93,Fatehpur
Uttar Pradesh,9.5,49,9.37,29,67.32,8.77,20,63.88,66.94,10.05,11053,2.43,8.26,8703,55.88,8.6,47.13,54.95,7.89,62573,20.61,20.65,13897,25.44,74.63,10248.0,78.72,26.67,7978.0,3.1,2270,16.35,28.48,9825.0,90.72,7668.0,90.84,37.71,8.4,2902,68.52,8.58,68.9,10.16,16.79,9.09,72.08,66.6,8.72,56.46,Firozabad
Uttar Pradesh,5.61,89,7.04,46,73.81,7.71,43,54.15,73.7,6.27,16323,6.06,4.29,11694,60.41,4.46,15.38,58.92,4.08,89498,20.87,21.49,22316,23.45,82.77,17154.0,49.28,24.53,12895.0,1.56,4259,17.27,25.92,16545.0,93.52,12410.0,93.0,30.13,5.67,4167,69.55,6.43,68.67,7.65,15.89,6.17,79.99,69.08,6.65,57.26,Gautam Buddha Nagar
Uttar Pradesh,6.39,98,6.86,34,72.52,6.48,64,59.79,71.58,7.3,20612,6.92,6.52,9565,59.14,7.17,23.92,54.78,5.77,112985,15.45,17.38,56670,20.97,86.01,20356.0,45.3,21.89,9715.0,1.84,10641,14.31,23.26,19628.0,92.69,9343.0,93.06,30.03,6.13,4204,69.74,5.93,65.1,7.79,7.32,6.66,83.76,69.12,6.89,45.56,Ghaziabad
Uttar Pradesh,8.21,47,8.81,41,60.42,9.43,6,62.77,60.56,8.23,10337,18.18,7.77,9575,55.83,7.63,49.84,55.79,7.91,62521,13.7,13.45,4359,23.46,88.47,11300.0,64.08,24.65,10525.0,7.49,775,14.73,25.24,10894.0,84.48,10159.0,84.44,43.76,8.18,2907,70.5,8.21,70.52,9.42,15.57,8.73,86.75,69.09,9.28,77.21,Ghazipur
Uttar Pradesh,8.28,52,8.26,46,59.99,8.21,6,49.72,58.79,8.33,14169,3.0,6.96,13518,48.59,6.57,38.97,46.93,7.37,74324,17.47,18.26,3760,27.37,60.77,13016.0,71.38,28.85,12380.0,9.87,636,19.17,29.18,12613.0,84.3,12020.0,83.8,65.42,7.62,3675,57.0,7.66,55.4,8.87,31.94,8.2,63.79,55.27,8.12,71.22,Gonda
Uttar Pradesh,7.49,75,8.82,54,72.02,9.43,21,53.58,72.64,8.3,17975,13.23,6.27,12617,65.56,6.92,40.79,65.95,5.57,96497,15.9,15.4,28596,24.04,92.51,17926.0,53.81,25.57,12850.0,6.98,5076,16.02,28.57,17270.0,86.48,12426.0,87.61,57.87,7.37,3756,73.19,8.28,73.8,9.37,11.56,8.01,89.02,72.21,8.57,61.77,Gorakhpur
Uttar Pradesh,6.63,53,6.82,41,75.29,7.09,12,65.34,76.46,6.5,13042,10.6,6.35,11229,50.57,5.63,59.23,50.21,7.18,62783,18.49,18.53,8367,23.44,65.06,10434.0,56.8,24.86,8909.0,1.11,1525,16.72,25.64,10055.0,96.79,8631.0,97.38,50.24,6.18,2491,68.96,6.21,69.42,7.42,9.62,6.73,65.93,65.93,6.81,44.94,Hamirpur
Uttar Pradesh,9.01,37,9.44,30,71.22,9.7,7,50.21,71.16,9.14,10040,7.98,7.98,8969,51.83,7.84,42.59,51.1,8.13,52567,28.88,28.65,5631,27.75,54.3,8719.0,37.67,29.55,7767.0,15.4,952,18.5,29.89,8397.0,82.5,7508.0,82.17,62.81,8.7,2279,71.93,8.89,72.76,9.99,23.59,9.25,58.77,60.12,9.46,81.35,Hardoi
Uttar Pradesh,8.86,43,8.61,31,69.38,8.26,12,61.19,70.76,9.01,9779,5.07,8.55,7883,55.7,8.69,44.86,57.59,8.38,55062,19.21,18.59,10542,23.49,80.29,9468.0,74.29,24.4,7606.0,2.47,1862,14.9,25.71,8996.0,93.19,7222.0,93.99,48.61,7.89,2492,67.3,7.82,68.98,9.4,17.06,8.59,79.16,67.08,8.36,57.18,Hathras
Uttar Pradesh,8.38,53,8.77,36,66.62,8.87,17,62.15,69.8,8.66,10675,18.17,7.51,8618,54.28,7.52,56.42,56.97,7.5,53505,16.82,16.72,10785,22.48,62.71,9458.0,59.41,23.7,7590.0,8.58,1868,14.02,24.64,9107.0,89.94,7321.0,92.91,43.76,7.76,2063,73.8,7.99,78.04,9.54,18.55,8.46,63.2,70.16,8.54,65.02,Jalaun
Uttar Pradesh,7.9,42,8.29,37,67.21,8.84,5,56.91,68.85,7.8,7272,6.29,7.88,6754,60.06,6.11,37.86,61.3,9.7,43285,16.08,16.04,3065,22.25,84.08,7989.0,61.66,23.38,7430.0,8.62,559,14.0,23.58,7735.0,82.56,7193.0,84.23,45.39,7.66,1740,68.91,7.66,70.32,8.92,19.78,8.25,84.41,67.75,8.58,74.88,Jaunpur
Uttar Pradesh,5.77,60,7.27,29,81.47,7.75,31,72.98,77.97,6.72,16295,7.67,5.54,9038,72.48,6.15,62.03,68.31,4.84,73590,12.02,15.75,33856,18.92,76.45,14264.0,51.72,20.02,7860.0,3.65,6404,12.52,23.48,13775.0,95.41,7641.0,94.08,49.48,5.78,2569,83.79,6.76,81.22,7.78,16.81,6.39,72.6,84.7,6.94,40.84,Jhansi
Uttar Pradesh,7.25,35,7.98,24,66.77,8.55,11,56.21,67.9,7.36,6546,1.97,7.72,5247,56.41,8.53,32.95,55.28,6.86,37927,15.43,18.53,7653,26.02,78.34,6347.0,75.35,27.38,5057.0,3.84,1290,18.1,28.33,6096.0,87.68,4872.0,86.57,60.03,6.94,1672,74.39,6.8,73.25,9.16,10.43,7.92,76.31,75.74,8.55,72.32,Jyotiba Phule Nagar
Uttar Pradesh,8.31,125,9.39,95,61.24,10.05,30,59.15,62.5,8.64,27431,6.14,8.25,23253,46.44,9.34,47.18,47.24,7.07,156432,24.35,22.76,25111,23.31,77.7,26039.0,63.38,24.0,21773.0,2.95,4266,14.16,24.56,24797.0,90.46,20771.0,91.56,41.33,8.77,7154,59.1,8.96,60.65,9.81,14.55,9.15,76.9,59.06,9.9,79.39,Kannauj
Uttar Pradesh,9.1,38,9.14,34,79.74,8.9,4,54.99,81.09,9.4,10543,6.29,5.45,9861,61.93,5.53,46.04,62.44,5.4,50626,23.58,24.38,3371,19.69,73.71,8193.0,38.79,21.11,7637.0,6.73,556,10.86,21.59,7925.0,92.64,7389.0,93.5,37.24,7.95,1819,70.82,8.21,71.39,10.06,6.9,8.82,77.67,72.43,8.62,64.79,Kanpur Dehat
Uttar Pradesh,5.72,136,7.2,33,75.12,7.25,103,65.25,84.57,7.15,29525,7.46,5.66,8432,59.25,5.99,54.85,72.51,5.28,144182,12.29,17.17,103699,17.17,69.25,25352.0,33.81,17.9,6444.0,8.3,18908,11.14,21.61,24139.0,89.43,6192.0,96.62,34.25,5.72,4432,73.24,6.63,82.89,7.77,4.53,6.03,76.48,72.43,6.29,36.57,Kanpur Nagar
Uttar Pradesh,10.08,49,10.88,43,55.08,11.55,6,60.31,56.09,10.24,13179,12.44,9.15,12195,46.9,10.04,52.81,47.88,8.28,67572,20.81,20.47,5134,29.23,91.37,11468.0,81.56,30.81,10649.0,21.09,819,18.48,31.21,10984.0,73.86,10226.0,74.69,65.88,9.89,3349,55.52,9.99,56.75,11.77,8.77,10.74,88.66,53.33,11.42,82.15,Kaushambi
Uttar Pradesh,7.99,41,8.37,34,66.0,8.41,7,53.35,64.68,8.33,12004,7.41,4.96,11032,37.76,5.49,46.56,37.04,4.37,60900,23.62,24.13,4655,26.69,57.14,10373.0,36.68,27.91,9548.0,13.72,825,18.61,28.96,10065.0,83.62,9272.0,82.84,61.96,7.44,2378,48.49,7.71,47.96,9.04,23.22,8.08,61.1,54.95,8.16,78.37,Kheri
Uttar Pradesh,8.8,32,9.64,29,64.56,10.6,3,54.55,64.5,8.8,8608,6.29,9.51,8455,60.82,10.24,44.01,60.69,8.8,48371,18.81,19.05,946,29.26,90.94,8765.0,57.95,31.32,8608.0,8.1,157,19.63,31.53,8535.0,83.11,8385.0,83.13,53.77,8.93,2441,70.73,8.92,70.7,10.35,13.58,9.63,85.81,69.38,10.59,80.24,Kushinagar
Uttar Pradesh,7.61,35,7.92,27,72.82,7.97,8,74.71,70.59,7.87,8108,6.4,6.41,7217,54.21,6.91,67.64,51.06,5.85,39529,19.45,20.07,4403,26.86,64.54,7689.0,57.34,28.12,6876.0,3.57,813,19.14,29.57,7503.0,95.02,6736.0,94.81,63.83,6.59,1746,63.58,6.62,60.93,9.22,48.23,7.72,65.9,61.51,7.83,72.93,Lalitpur
Uttar Pradesh,6.04,100,7.82,27,89.42,8.09,73,69.59,88.82,7.51,21138,9.89,5.48,9323,68.93,5.92,49.48,61.38,5.0,105538,15.72,16.94,58271,18.2,66.82,18629.0,54.6,19.26,7907.0,3.27,10722,11.74,24.9,17708.0,96.27,7579.0,96.82,51.3,5.89,3289,76.53,6.65,71.05,8.99,8.83,6.45,65.69,78.17,6.83,44.28,Lucknow
Uttar Pradesh,8.9,44,9.95,40,64.14,10.77,4,49.95,63.39,9.2,12950,6.29,6.18,12274,58.94,7.38,39.67,58.12,4.9,68263,16.91,17.02,3890,27.93,78.14,13206.0,58.95,29.6,12470.0,8.26,736,18.29,30.5,12869.0,82.72,12159.0,82.08,59.85,8.9,3157,68.33,9.19,67.66,10.71,26.84,9.64,73.39,68.2,10.47,78.01,Maharajganj
Uttar Pradesh,6.69,52,7.4,36,77.23,8.07,16,70.98,80.68,6.64,13461,12.74,6.87,9820,67.38,6.93,65.63,68.35,6.79,63537,14.34,16.65,17564,24.54,74.22,10791.0,62.94,26.09,7820.0,1.49,2971,17.32,26.16,10396.0,97.18,7559.0,97.45,58.05,6.62,2493,81.69,6.66,81.8,8.13,19.36,7.23,80.89,78.94,7.7,45.53,Mahoba
Uttar Pradesh,9.75,55,10.28,43,64.29,10.35,12,49.53,64.15,10.21,10727,3.93,9.02,9170,50.65,10.19,34.04,49.65,7.77,60823,16.64,16.85,9025,23.48,70.49,10328.0,80.51,24.51,8849.0,2.74,1479,13.43,25.01,9843.0,88.46,8452.0,88.19,31.62,9.32,2798,61.85,9.51,60.84,11.06,15.26,10.05,68.13,61.04,10.32,50.27,Mainpuri
Uttar Pradesh,7.59,48,7.68,30,61.74,7.64,18,56.49,58.49,7.74,10406,1.8,7.18,7650,45.46,7.07,32.49,42.94,7.31,59930,12.71,12.13,15893,22.38,85.79,10513.0,66.19,23.59,7809.0,2.58,2704,14.87,25.11,10117.0,88.49,7526.0,86.73,46.13,6.94,2457,56.26,6.95,53.71,8.42,21.32,7.51,82.19,55.04,7.44,44.03,Mathura
Uttar Pradesh,7.82,63,8.71,46,62.59,9.56,17,63.05,63.34,7.9,12606,13.84,7.54,10157,53.8,7.56,42.88,53.65,7.52,74750,14.91,14.51,14445,21.43,83.21,12312.0,58.97,22.62,10183.0,8.44,2129,12.97,22.96,11862.0,83.66,9813.0,84.86,46.85,7.87,2924,67.88,8.06,68.54,9.35,10.14,8.46,81.74,66.14,9.12,73.4,Mau
Uttar Pradesh,5.85,68,6.48,28,71.37,7.06,40,56.33,73.26,5.84,12884,5.35,6.0,8209,57.8,6.13,26.01,59.67,5.86,77688,14.79,15.24,27607,23.94,84.99,13336.0,53.11,26.07,8575.0,2.82,4761,17.67,28.95,12828.0,91.18,8252.0,93.05,42.94,5.72,3187,69.79,5.7,70.93,7.27,12.82,6.27,81.8,68.45,6.64,49.61,Meerut
Uttar Pradesh,7.87,37,8.42,30,56.45,8.76,7,51.44,56.24,8.07,6709,15.48,8.16,6063,43.74,9.64,37.99,43.61,6.42,38180,22.43,23.26,3629,22.34,78.64,6873.0,68.67,25.31,6209.0,10.82,664,13.95,26.29,6630.0,79.96,5996.0,80.19,51.38,7.21,1600,55.78,7.08,55.95,9.77,19.9,8.39,74.92,53.0,8.88,79.85,Mirzapur
Uttar Pradesh,7.99,57,8.32,34,71.47,7.92,23,49.54,70.77,8.77,11054,2.85,7.56,8003,52.36,8.61,29.13,50.39,6.4,66632,17.92,19.45,18005,25.17,86.25,10546.0,70.28,26.52,7736.0,3.89,2810,17.09,28.54,10149.0,92.3,7475.0,91.59,66.2,7.33,3398,62.8,7.37,61.05,9.28,15.72,8.07,82.67,66.76,8.15,63.53,Moradabad
Uttar Pradesh,8.45,66,9.22,43,70.67,9.66,23,54.85,70.44,8.74,12812,2.81,7.35,10337,53.47,7.04,29.41,51.81,7.71,75749,14.53,14.74,14295,23.52,84.08,12757.0,60.19,25.04,10268.0,3.13,2489,14.82,26.51,12333.0,90.35,9931.0,89.88,48.94,8.08,3319,64.43,8.51,61.35,9.94,11.48,8.7,84.36,63.54,8.93,51.3,Muzaffarnagar
Uttar Pradesh,8.12,36,8.62,27,69.34,9.19,9,44.76,68.66,7.96,7773,7.05,9.23,6674,55.63,9.51,35.62,54.96,8.91,43038,22.88,24.41,6142,25.49,71.47,7126.0,81.5,26.9,6113.0,4.54,1013,16.77,28.0,6861.0,90.95,5900.0,90.18,62.26,7.82,2239,65.41,7.64,64.79,9.6,21.16,8.72,66.38,63.91,9.25,73.36,Pilibhit
Uttar Pradesh,8.71,69,10.0,63,71.93,11.42,6,58.2,71.51,8.77,15695,23.4,8.0,15091,64.86,8.65,46.97,64.26,7.35,86770,20.03,20.44,3599,24.03,88.13,15426.0,84.8,25.22,14824.0,8.98,602,14.12,25.42,14840.0,84.44,14264.0,84.1,52.45,9.34,3600,71.72,9.4,71.1,10.6,14.71,9.91,86.94,69.93,11.28,83.63,Pratapgarh
Uttar Pradesh,7.44,52,7.99,44,77.38,8.4,8,67.07,76.83,7.55,12981,0.0,6.45,11924,54.79,6.74,57.64,54.74,6.13,66935,18.4,19.54,5355,22.16,72.54,11069.0,49.91,23.32,10169.0,3.13,900,14.29,23.61,10550.0,94.62,9700.0,94.86,51.76,7.35,1646,67.92,7.45,68.33,8.52,10.73,7.87,75.26,62.41,8.27,53.24,Rae Bareli
Uttar Pradesh,8.85,53,9.4,35,74.33,8.69,18,52.85,73.9,10.18,11435,4.61,8.3,8981,61.46,11.18,30.23,61.13,5.19,66460,14.88,16.56,14177,24.91,75.74,10732.0,75.01,25.93,8443.0,3.46,2289,15.81,27.82,10277.0,91.71,8124.0,91.78,73.07,8.48,3541,72.39,8.65,71.95,10.14,11.84,9.11,74.1,72.73,9.34,60.08,Rampur
Uttar Pradesh,8.41,52,9.26,34,83.07,9.97,18,60.34,83.68,8.49,10259,2.14,8.37,8321,77.44,8.57,40.89,77.65,8.16,58510,22.05,25.42,10959,26.25,87.3,10190.0,62.88,27.59,8264.0,0.93,1926,17.2,28.92,9818.0,96.68,8001.0,96.44,42.67,8.24,2641,85.81,8.31,85.64,10.21,9.05,9.05,86.18,84.89,9.64,76.4,Saharanpur
Uttar Pradesh,9.6,44,10.07,39,71.27,10.47,5,53.27,70.99,9.7,8028,6.29,7.77,7448,58.52,7.18,44.42,58.53,8.3,43549,14.82,15.31,3222,30.42,90.46,7888.0,69.32,32.14,7298.0,4.18,590,20.49,32.79,7633.0,83.23,7069.0,83.18,55.95,9.17,1886,63.49,9.28,63.51,10.86,21.79,9.93,88.79,63.48,10.25,63.41,Sant Kabir Nagar
Uttar Pradesh,7.02,43,7.64,35,53.98,8.0,8,62.81,55.56,7.28,8974,12.64,5.93,7945,42.2,6.56,44.47,43.84,5.22,55736,22.55,20.05,6700,24.41,83.6,10518.0,72.35,26.02,9430.0,17.93,1088,17.0,27.19,10249.0,74.84,9207.0,75.73,53.31,6.76,2038,54.95,6.92,56.64,8.35,24.76,7.41,84.33,50.96,7.8,81.79,Sant Ravidas Nagar (Bhadohi)
Uttar Pradesh,7.48,45,8.09,32,55.39,8.37,13,45.01,53.8,7.75,9822,3.04,5.83,8194,40.87,5.49,36.75,38.56,6.22,55307,22.78,24.27,9068,28.16,73.31,9088.0,84.34,30.18,7531.0,4.27,1557,20.45,31.64,8740.0,85.89,7260.0,84.88,59.8,7.12,3332,50.82,7.53,48.79,8.64,29.45,7.71,71.23,49.86,7.9,80.39,Shahjahanpur
Uttar Pradesh,11.8,27,12.16,25,33.54,12.44,2,32.99,33.06,11.9,7483,6.29,9.77,7197,24.9,9.71,28.22,24.37,9.8,38131,28.53,28.27,1467,39.89,95.44,7263.0,66.53,42.9,7000.0,30.67,263,27.79,43.26,7024.0,51.35,6773.0,50.82,75.9,10.77,2264,32.09,10.79,31.68,13.54,37.69,12.1,93.24,30.82,12.36,96.36,Shrawasti
Uttar Pradesh,10.2,58,11.23,54,57.95,12.39,4,29.52,57.56,10.3,9919,6.29,8.81,9517,51.42,10.47,21.71,50.91,7.2,56238,17.49,17.32,2482,37.54,79.63,10203.0,68.29,39.37,9869.0,13.84,334,26.38,39.68,9894.0,76.38,9576.0,76.27,65.39,10.47,3219,62.28,10.53,61.95,11.93,38.38,11.16,79.21,58.17,12.33,87.18,Siddharthnagar
Uttar Pradesh,8.79,37,8.98,30,54.01,8.93,7,57.18,53.67,9.03,9323,13.28,6.93,8521,35.43,7.2,48.61,34.38,6.62,50237,26.24,27.13,4768,28.02,68.4,8174.0,30.15,29.63,7433.0,18.27,741,19.25,30.42,7865.0,78.47,7174.0,78.94,63.88,8.05,2696,56.14,8.2,56.86,9.76,23.85,8.77,68.07,49.15,8.76,80.19,Sitapur
Uttar Pradesh,8.82,31,9.36,23,37.39,9.41,8,31.03,36.39,9.31,6838,8.72,5.03,5875,32.41,4.36,24.86,31.44,5.84,33562,16.52,17.52,4391,28.18,56.98,6290.0,50.99,30.26,5474.0,27.24,816,19.48,32.61,6077.0,60.93,5304.0,60.75,63.37,8.06,1702,39.9,8.66,38.95,10.06,22.16,8.7,51.48,39.2,8.59,68.59,Sonbhadra
Uttar Pradesh,6.9,48,7.54,44,72.08,8.09,4,63.8,71.75,6.4,11251,6.29,6.42,10630,47.22,7.28,51.88,46.03,5.5,61923,13.62,14.04,3511,21.88,79.23,10624.0,62.26,22.88,10055.0,5.58,569,14.42,23.18,10181.0,93.58,9645.0,93.85,50.45,6.92,2343,66.85,6.96,66.57,8.11,22.22,7.47,72.12,61.48,8.04,45.1,Sultanpur
Uttar Pradesh,6.54,59,7.15,46,73.75,7.36,13,57.38,74.62,6.91,14128,12.53,5.34,12035,63.07,5.88,48.65,62.95,4.75,69686,21.67,24.16,10195,20.99,63.55,11280.0,56.82,21.94,9543.0,8.75,1737,14.15,22.58,10831.0,90.95,9163.0,91.18,52.25,6.42,2448,75.99,6.68,75.68,7.62,7.8,6.84,62.11,74.42,7.11,58.33,Unnao
Uttar Pradesh,7.61,71,7.75,35,70.0,8.05,36,65.97,72.77,7.43,14974,14.83,7.19,8419,65.22,6.62,36.96,67.72,7.83,86266,21.76,18.86,33777,19.06,91.6,15689.0,50.15,21.53,9752.0,7.14,5937,11.57,21.97,15040.0,86.2,9445.0,88.73,43.57,6.34,2660,73.16,6.94,75.87,8.55,11.97,7.49,91.72,73.56,7.38,71.59,Varanasi
Uttarakhand,4.44,192,6.14,173,93.91,8.04,19,46.84,93.75,4.51,27360,4.8,4.61,25188,87.28,5.78,42.76,87.13,3.42,120657,5.52,5.62,8649,15.78,53.91,22598.0,75.74,16.46,20916.0,1.42,1682,9.74,16.84,21140.0,97.13,19579.0,97.05,14.35,5.72,3664,93.7,5.81,93.55,6.48,2.21,6.04,52.59,93.72,7.87,20.39,Almora
Uttarakhand,5.4,162,6.98,156,87.1,8.72,6,43.78,87.14,5.41,26992,6.25,7.5,26231,82.53,9.6,40.72,82.46,5.27,114613,11.94,12.41,3270,15.03,49.8,22718.0,71.3,15.58,22074.0,3.56,644,8.03,15.7,21279.0,94.23,20688.0,94.12,16.27,6.62,3744,90.86,6.59,90.77,7.36,5.63,7.0,49.57,90.08,8.76,31.46,Bageshwar
Uttarakhand,4.04,276,5.67,236,93.39,7.13,40,40.74,93.32,4.33,37152,4.24,3.49,30966,87.75,4.31,38.79,87.28,2.59,161113,8.43,9.51,23957,17.7,48.09,31160.0,77.06,18.62,26391.0,1.09,4769,12.41,16.84,29509.0,97.69,25014.0,97.53,15.3,5.46,6145,94.19,3.06,93.99,3.92,3.59,5.29,43.13,93.21,6.59,25.55,Chamoli
Uttarakhand,4.33,42,5.71,34,90.85,7.2,8,69.19,92.05,4.29,6156,0.0,4.81,5251,87.67,5.04,58.76,88.69,4.57,28479,9.64,7.77,4241,16.91,68.61,5565.0,75.97,18.28,4778.0,1.83,787,11.35,18.43,5210.0,97.4,4472.0,98.21,20.94,5.05,1038,93.74,5.12,95.07,6.3,3.83,5.56,68.95,93.06,6.83,33.58,Champawat
Uttarakhand,5.54,367,6.87,133,91.02,8.02,234,67.3,88.71,5.68,66535,9.46,6.23,30772,86.93,6.97,42.12,83.83,5.43,303009,9.17,10.32,155980,16.58,79.75,56581.0,61.07,17.26,27553.0,2.08,29028,10.09,20.87,54234.0,97.4,26554.0,96.81,26.3,6.26,10262,91.52,6.53,89.41,7.2,3.38,6.49,72.59,90.25,7.39,34.14,Dehradun
Uttarakhand,6.88,50,7.68,25,68.42,8.15,25,45.57,63.52,7.14,14873,5.44,6.88,8012,60.84,7.29,16.23,54.9,6.44,69213,18.97,21.41,25776,21.94,66.32,12450.0,49.21,24.0,7276.0,14.08,5174,14.55,26.64,11977.0,83.16,7027.0,80.04,56.12,6.61,2506,67.98,6.71,62.88,8.65,7.08,7.39,53.67,68.14,7.84,63.91,Haridwar
Uttarakhand,4.42,110,5.58,59,90.1,6.5,51,62.32,90.3,4.61,21172,4.89,4.82,13421,87.24,5.45,43.5,88.24,4.13,100544,8.42,7.93,36814,16.27,70.6,18568.0,71.11,17.32,11914.0,1.9,6654,10.99,17.57,17652.0,96.32,11331.0,95.88,12.0,4.97,3150,92.35,5.19,93.09,5.98,2.51,5.28,67.18,92.13,6.07,28.92,Nainital
Uttarakhand,6.34,386,8.28,337,90.08,10.34,49,55.72,90.0,6.51,50397,13.55,5.91,44822,84.15,6.59,44.3,84.06,5.23,213084,12.62,13.57,24187,18.8,64.66,41250.0,82.22,19.33,36591.0,1.22,4659,10.87,19.88,39122.0,96.98,34666.0,97.19,20.24,7.63,6844,88.97,7.97,88.99,8.58,3.69,7.93,59.8,87.54,9.75,37.42,Pauri Garhwal
Uttarakhand,4.77,161,6.8,136,93.15,8.4,25,57.96,92.45,5.33,25265,3.74,3.27,20467,88.74,4.4,54.83,87.66,2.15,102999,8.53,9.18,18372,15.44,64.53,21408.0,79.25,16.04,17463.0,1.28,3945,9.28,16.87,20015.0,98.0,16283.0,97.73,15.47,5.85,3358,94.88,6.44,94.3,7.15,7.06,6.16,60.46,94.13,7.66,22.91,Pithoragarh
Uttarakhand,4.4,225,6.11,222,91.26,8.2,3,46.98,91.24,4.4,33117,4.89,4.81,32914,85.7,5.45,43.1,85.68,4.13,139025,8.0,8.06,759,17.01,52.1,28470.0,77.37,17.43,28330.0,1.67,140,10.95,17.52,26788.0,97.21,26656.0,97.2,15.08,5.86,5090,91.98,5.91,91.95,6.31,2.92,6.06,51.46,91.75,8.11,19.22,Rudraprayag
Uttarakhand,6.72,351,9.2,317,82.09,12.03,34,42.52,81.18,6.98,47792,9.07,5.94,42354,76.0,6.98,34.64,74.85,4.82,205575,14.77,15.68,23657,21.09,48.73,40347.0,75.38,21.66,35894.0,5.73,4453,12.35,22.37,38198.0,88.57,33893.0,87.61,40.37,8.45,6946,81.42,8.89,80.27,9.5,7.08,8.74,42.65,79.5,11.23,53.25,Tehri Garhwal
Uttarakhand,4.48,81,5.66,45,88.71,6.45,36,59.82,89.53,4.81,17887,6.92,4.66,12393,83.0,5.33,35.6,83.35,3.9,91518,7.65,9.76,26904,18.23,70.72,16133.0,62.05,19.16,11268.0,2.79,4865,12.94,19.94,15414.0,96.52,10757.0,96.46,40.66,4.91,3188,90.46,5.2,90.24,6.13,7.84,5.3,65.85,89.99,6.04,34.59,Udham Singh Nagar
Uttarakhand,3.86,98,4.78,89,83.81,5.72,9,54.42,83.17,3.86,17945,1.85,3.6,15683,74.73,3.4,48.73,74.22,3.82,76648,15.31,15.51,8664,15.87,57.57,14456.0,92.21,16.87,12776.0,6.97,1680,11.24,17.53,13805.0,91.61,12208.0,91.13,39.63,4.27,2000,79.64,4.4,79.52,5.17,11.52,4.63,51.07,79.25,5.39,41.57,Uttarkashi
